"Strain"	"steve_strain_names"	"molecule"	"species"	"E_coli_serotype"	"GeneSeekr_Profile"	"MLST_Result"	"rMLST_Result"	"clermont_phylogroup"	"sample_type"	"farm"	"husbandry"	"animal_group"	"animal_type"	"animal_n"	"AAC3_VIa"	"ACT_10"	"ACT_12"	"ACT_17"	"ACT_2"	"ACT_38"	"ADC_60"	"ANT2_Ia"	"ANT3_IIb"	"aadA"	"aadA13"	"aadA17"	"aadA2"	"aadA25"	"APH3_Ib"	"APH6_Id"	"YojI"	"msbA"	"SoxSR"	"TolC"	"CMY_2"	"CMY_72"	"CMY_82"	"CTX_M_115"	"CTX_M_15"	"Ecoli_GlpT"	"MIR_12"	"OXA_228"	"OXA_67"	"OXA_78"	"PBP3"	"TEM_1"	"Tem_116"	"Ecoli_UhpT"	"Ecoli_ampC_bl"	"Ecoli_ampC1_bl"	"Ecoli_ampH_bl"	"ampS"	"Ecoli_CyaA"	"Ecoli_EF_Tu"	"Salm_gyrA"	"FosA2"	"FosA4"	"linG"	"lnuC"	"lnuG"	"mphB"	"Acib_AbaF"	"Acib_AbaQ"	"Acib_AmvA"	"Ecoli_mdfA"	"KpnEF"	"EmrAB_TolC"	"EmrKY_TolC"	"emrR"	"mdtG"	"mdtH"	"mdtM"	"MdtNOP"	"mefB"	"tetA"	"tetD"	"tetR"	"H_NS"	"EvgSA"	"abeM"	"PmrF"	"eptA"	"ugd"	"QnrB14"	"QnrS1"	"AcrEF_TolC"	"AcrS"	"CRP"	"Ecoli_acrR"	"Ecoli_marR"	"acrAB_TolC"	"acrD"	"adeA"	"adeB"	"AdeFGH"	"adeI"	"adeJ"	"adeK"	"adeL"	"adeN"	"adeR"	"adeS"	"baeR"	"baeS"	"GadX"	"MdtABC_TolC"	"MdtEF_TolC"	"oqxA"	"marA"	"ramA"	"Ecoli_emrE"	"abeS"	"qacH"	"SAT_2"	"sul1"	"sul2"	"tetWNW"	"dfrA1"	"dfrA30"	"bacA"	"ANT3_IIa"	"aadA12"	"aadA22"	"aadA5"	"aadA9"	"APH3_Ia"	"CMY_21"	"CMY_36"	"CTX_M_1"	"IMP_7"	"TEM_81"	"catI"	"mphA"	"Salm_cmlA"	"cmlA8"	"floR"	"tetB"	"sul3"	"dfrA12"	"dfrA15b"	"dfrA23"	"dfrA32"	"dfrA7"
"Res13-Lact-EB13-15"	"LEB1315"	"chromosome"	"Escherichia coli"	"O82 (99.84):H31 (100.0)"	"uidA"	1252	33431	"B1"	"feces"	"B"	"AF1"	"AF1-2"	"sow"	1	0	0	0	0	0	0	0	0	0	0	0	0	0	0	0	0	1	1	1	1	0	0	0	0	0	1	0	0	0	0	1	0	0	0	1	1	1	0	0	1	0	0	0	0	0	0	1	0	0	0	1	1	1	1	1	1	1	1	1	0	0	0	0	1	1	0	1	1	1	0	0	1	1	1	1	1	1	0	0	0	0	0	0	0	0	0	0	0	1	1	1	1	1	0	1	0	0	0	0	0	0	1	0	0	0	1	0	0	0	1	0	0	0	0	1	0	0	0	0	0	0	0	0	0	0	0	0	1	0
"Res13-Lact-EB17-22"	"NA"	"chromosome"	"Escherichia coli"	"O86 (100.0):H-untypeable"	"uidA"	101	1589	"B1"	"feces"	"A"	"AF1"	"AF1-3"	"sow"	1	0	0	0	0	0	0	0	0	0	0	0	0	0	0	0	0	1	1	1	1	0	0	0	0	0	1	0	0	0	0	1	1	0	0	1	1	1	0	0	1	0	0	0	0	0	0	1	0	0	0	1	1	1	1	1	1	1	1	1	0	0	1	1	1	1	0	1	1	1	0	0	1	1	1	1	1	1	0	0	0	0	0	0	0	0	0	0	0	1	1	1	1	1	0	1	0	1	0	0	0	0	1	0	0	0	1	0	0	0	1	0	0	0	0	1	0	0	0	0	0	0	0	0	0	0	0	0	1	0
"Res13-Lact-PER02-36"	"LPER0236"	"chromosome"	"Escherichia coli"	"O-untypeable:H4 (100.0)"	"uidA"	761	"new"	"A"	"feces"	"E"	"AF2"	"AF2-1"	"suckler"	4	1	0	0	0	0	0	0	0	0	0	1	0	0	0	1	1	1	1	1	1	0	0	0	0	0	1	0	0	0	0	1	0	0	0	1	1	1	0	0	0	0	0	0	0	0	0	1	0	0	0	1	1	1	0	1	1	1	1	1	0	0	1	1	1	1	0	1	1	0	0	0	1	1	1	1	1	1	1	0	0	0	0	0	0	0	0	0	0	1	1	1	1	1	0	1	0	1	0	0	0	1	2	0	0	0	1	0	0	0	1	0	1	0	0	1	0	0	0	0	0	0	0	0	0	0	0	0	1	0
"Res13-Fini-PEC02-13"	"FPEC0213"	"chromosome"	"Escherichia coli"	"O24 (100.0):H4 (100.0)"	"uidA"	117	14771	"G"	"feces"	"S"	"CV"	"CV-1"	"finisher"	5	0	0	0	0	0	0	0	0	0	0	0	0	1	0	1	1	1	1	1	1	1	0	0	0	0	1	0	0	0	0	1	1	0	0	1	1	1	0	1	1	0	0	0	0	0	0	0	0	0	0	1	1	1	1	1	1	1	1	1	0	0	1	0	1	1	0	1	1	1	0	0	1	1	1	1	1	1	0	0	0	0	0	0	0	0	0	0	0	1	1	1	1	1	0	1	0	1	0	0	0	1	1	0	1	0	1	0	0	0	0	0	0	0	0	0	0	0	1	0	0	0	0	0	0	0	0	0	0	0
"Res13-Lact-PEA02-11"	"NA"	"chromosome"	"Escherichia coli"	"O20 (100.0):H12 (99.66)"	"uidA"	88	15305	"C"	"feces"	"J"	"AF3"	"AF3-1"	"suckler"	5	0	0	0	0	0	0	0	0	0	0	0	0	0	0	1	1	1	1	1	1	1	0	0	0	0	1	0	0	0	0	1	1	0	0	1	1	1	0	0	0	0	0	0	0	0	0	1	0	0	0	1	1	1	1	1	1	1	1	1	0	0	0	0	1	1	0	1	1	0	0	0	1	1	1	1	1	1	0	0	0	0	0	0	0	0	0	0	0	1	1	1	1	1	0	1	0	1	0	0	0	0	1	0	0	1	1	0	0	0	0	0	0	0	0	0	0	0	0	0	0	0	0	0	0	0	0	0	0	0
"Res13-Lact-EC09-12"	"LEC0912"	"chromosome"	"Escherichia coli"	"O-untypeable:H4 (100.0)"	"uidA"	117	14771	"G"	"feces"	"S"	"CV"	"CV-2"	"sow"	1	0	0	0	0	0	0	0	0	0	0	0	0	1	0	1	1	1	1	1	1	1	0	0	0	0	1	0	0	0	0	1	1	0	0	1	1	1	0	1	1	0	0	0	0	0	0	0	0	0	0	1	1	1	1	1	1	1	1	1	0	0	1	0	1	1	0	1	1	1	0	0	1	1	1	1	1	1	0	0	0	0	0	0	0	0	0	0	0	1	1	1	1	1	0	1	0	1	0	0	0	1	1	0	1	0	1	0	0	0	0	0	0	0	0	0	0	0	1	0	0	0	0	0	0	0	0	0	0	0
"Res13-Lact-PEA27-11"	"LPEA2711"	"chromosome"	"Escherichia coli"	"O80 (100.0):H26 (99.94)"	"uidA"	189	1957	"A"	"feces"	"K"	"AF3"	"AF3-4"	"suckler"	5	0	0	0	0	0	0	0	0	0	0	0	0	0	0	0	0	1	1	1	1	0	0	0	0	0	1	0	0	0	0	1	0	0	0	1	1	1	0	0	2	0	0	0	0	0	0	1	0	0	0	1	1	1	1	1	1	1	1	2	0	0	1	1	1	1	0	1	1	0	0	0	1	1	1	1	1	1	0	0	0	0	0	0	0	0	0	0	0	1	1	1	1	1	0	1	0	0	0	0	0	0	1	0	0	0	1	0	0	0	1	0	0	0	0	1	0	0	0	0	0	0	0	0	0	0	0	0	1	0
"Res13-Croi-PEB03-10"	"NA"	"chromosome"	"Escherichia coli"	"O5 (100.0):H4 (100.0)"	"uidA"	93	8220	"A"	"feces"	"C"	"AF1"	"AF1-1"	"grower"	5	0	0	0	0	0	0	0	0	0	0	1	0	0	0	0	0	1	1	1	1	1	0	0	0	0	1	0	0	0	0	1	1	0	0	1	0	1	0	1	1	0	0	0	0	0	0	1	0	0	0	1	1	1	1	1	1	1	1	1	1	0	1	0	1	1	0	1	1	1	0	0	1	1	1	1	1	1	1	0	0	0	0	0	0	0	0	0	0	1	1	1	1	1	0	1	0	1	0	1	0	0	1	0	0	0	1	1	0	0	1	1	0	0	0	1	0	0	0	0	1	0	0	0	1	0	0	0	1	0
"Res13-Sevr-PEA20-33"	"SPEA2033"	"chromosome"	"Escherichia coli"	"O145 (99.92):H-untypeable"	"eae;hlyAEc;O145;uidA"	1034	"new"	"D"	"feces"	"N"	"AF3"	"AF3-3"	"weaner"	4	0	0	0	0	0	0	0	0	0	0	0	0	0	0	0	0	1	1	1	1	0	0	0	0	0	1	0	0	0	0	1	0	0	0	1	1	1	0	0	2	0	0	0	0	0	0	1	0	0	0	1	1	0	1	1	1	1	1	1	0	0	0	0	1	1	0	1	1	1	0	0	1	1	1	1	1	1	0	0	0	0	0	0	0	0	0	0	0	1	1	1	1	1	0	1	0	0	0	0	0	0	1	0	0	0	1	0	0	0	1	0	0	0	0	1	0	0	0	0	0	0	0	0	0	0	0	0	1	0
"Res13-Lact-PEA13-09"	"LPEA1309"	"chromosome"	"Escherichia coli"	"O118/O151;O151 (100.0):H25 (100.0)"	"uidA"	1684	38759	"A"	"feces"	"K"	"AF3"	"AF3-2"	"suckler"	5	0	0	0	0	0	0	0	0	0	0	0	0	0	0	0	0	1	1	1	1	0	0	0	0	0	1	0	0	0	0	1	0	0	0	1	1	1	0	0	1	0	0	0	0	0	0	1	0	0	0	1	1	1	1	1	1	1	1	1	0	0	1	0	1	1	0	1	1	1	0	0	1	1	1	1	1	1	0	0	0	0	0	0	0	0	0	0	0	1	1	1	1	1	0	1	0	0	0	0	0	0	1	0	0	0	1	0	0	0	1	0	0	0	0	1	0	0	0	0	0	0	0	0	0	0	0	0	0	0
"Res13-Croi-PEB17-01"	"NA"	"chromosome"	"Escherichia coli"	"O20 (100.0):H12 (99.78)"	"uidA"	88	15305	"C"	"feces"	"D"	"AF1"	"AF1-3"	"grower"	5	0	0	0	0	0	0	0	0	0	0	0	0	0	0	1	1	1	1	1	1	1	0	0	0	0	1	0	0	0	0	1	1	0	0	1	1	1	0	0	1	0	0	0	0	0	0	1	0	0	0	1	1	1	1	1	1	1	1	1	0	0	0	0	1	1	0	1	1	0	0	0	1	1	1	1	1	1	0	0	0	0	0	0	0	0	0	0	0	1	1	1	1	1	0	1	0	1	0	0	0	0	1	0	0	1	1	0	0	0	0	0	0	0	0	0	0	0	0	0	0	0	0	0	0	0	0	0	0	0
"Res13-Abat-PEC10-P4-01"	"NA"	"chromosome"	"Acinetobacter sp."	"ND"	"ND"		"new"		"swab"	"U"	"CV"	"CV-2"	"carcass"	"NA"	0	0	0	0	0	0	0	0	0	0	0	0	0	0	0	0	0	0	0	0	0	0	0	0	0	0	0	1	0	0	0	0	0	0	0	0	0	0	0	0	0	0	0	0	0	0	0	0	0	0	0	0	0	0	0	0	0	0	0	0	0	0	0	0	0	0	0	0	0	0	0	0	0	0	0	0	0	0	0	0	0	0	0	0	0	0	0	0	0	0	0	0	0	0	0	0	0	0	0	0	0	0	0	0	0	0	0	0	0	0	0	0	0	0	0	0	0	0	0	0	0	0	0	0	0	0	0	0	0
"Res13-Lact-EA06-23"	"LEA0623"	"chromosome"	"Escherichia coli"	"O8 (99.59):H19 (100.0)"	"uidA"	88	2087	"C"	"feces"	"J"	"AF3"	"AF3-1"	"sow"	1	0	0	0	0	0	0	0	0	0	0	0	0	0	0	1	1	1	1	1	1	0	0	0	0	0	1	0	0	0	0	1	0	0	0	1	1	1	0	0	2	0	0	0	0	0	0	1	0	0	0	1	1	1	1	1	2	1	1	1	0	0	0	0	1	1	0	1	1	0	0	0	1	1	1	1	1	1	0	0	0	0	0	0	0	0	0	0	0	1	1	1	1	1	0	1	0	1	0	0	0	0	1	0	0	0	1	0	0	0	1	0	0	0	0	1	0	0	0	0	0	0	0	0	0	0	0	0	1	0
"Res13-Croi-PER03-14"	"NA"	"chromosome"	"Escherichia coli"	"O100 (100.0):H30 (99.94)"	"VT2;uidA"	993	42468	"A"	"feces"	"G"	"AF2"	"AF2-1"	"grower"	3	0	0	0	0	0	0	0	0	0	0	0	0	0	0	0	0	1	1	1	1	1	0	0	0	0	0	0	0	0	0	1	0	0	0	1	1	1	0	0	0	0	0	0	0	0	1	1	0	0	0	1	1	1	1	1	1	1	1	1	0	0	0	0	1	1	0	1	1	0	0	0	1	1	1	1	1	1	0	0	0	0	0	0	0	0	0	0	0	1	1	1	1	1	0	1	0	0	0	0	0	0	0	0	0	0	1	0	0	0	0	0	0	0	0	0	0	0	0	0	0	0	0	0	0	0	0	0	0	0
"Res13-Lact-EC05-13"	"NA"	"chromosome"	"Citrobacter freundii"	"ND"	"ND"				"feces"	"S"	"CV"	"CV-1"	"sow"	1	0	0	0	0	0	0	0	0	0	0	0	0	0	0	0	0	0	1	0	0	0	1	0	0	0	1	0	0	0	0	1	0	0	1	0	0	1	0	0	1	0	0	0	0	0	0	0	0	0	0	1	1	0	0	1	1	0	0	0	0	0	1	1	1	0	0	1	0	0	0	0	0	0	1	0	1	0	0	0	0	0	0	0	0	0	0	0	0	1	0	0	0	0	0	1	0	0	0	0	0	0	0	0	0	0	0	0	0	0	0	0	0	0	0	0	0	0	0	0	0	0	0	0	0	0	0	0	0	0
"Res13-Lact-PEB07-13-B"	"NA"	"chromosome"	"Escherichia coli"	"O9 (100.0):H4 (99.81)"	"uidA"	1421	85944	"A"	"feces"	"A"	"AF1"	"AF1-1"	"suckler"	4	0	0	0	0	0	0	0	0	0	1	0	0	0	0	0	0	1	1	1	1	1	0	0	0	0	1	0	0	0	0	1	1	0	0	1	2	1	0	0	1	0	0	0	0	1	0	1	0	0	0	1	1	1	1	1	1	1	1	1	1	0	0	0	1	1	0	1	1	0	0	0	1	1	1	1	1	1	0	0	0	0	0	0	0	0	0	0	0	1	1	1	1	1	0	1	0	1	0	1	0	0	0	1	0	0	1	0	0	0	0	0	0	0	0	0	0	0	0	0	0	0	0	0	1	0	0	0	0	0
"Res13-Croi-PEB21-10"	"NA"	"chromosome"	"Escherichia coli"	"O86 (100.0):H-untypeable"	"uidA"	101	1589	"B1"	"feces"	"D"	"AF1"	"AF1-3"	"grower"	4	0	0	0	0	0	0	0	0	0	0	0	0	0	0	0	0	1	1	1	1	0	0	0	0	0	1	0	0	0	0	1	1	0	0	1	1	1	0	0	1	0	0	0	0	0	0	1	0	0	0	1	1	1	1	1	1	1	1	1	0	0	1	1	1	1	0	1	1	1	0	0	1	1	1	1	1	1	0	0	0	0	0	0	0	0	0	0	0	1	1	1	1	1	0	1	0	1	0	0	0	0	1	0	0	0	1	0	0	0	1	0	0	0	0	1	0	0	0	0	0	0	0	0	0	0	0	0	1	0
"Res13-Lact-LER1-21"	"LLER121"	"chromosome"	"Escherichia coli"	"O-untypeable:H4 (100.0)"	"uidA"	761	"new"	"A"	"manure"	"E"	"AF2"	"AF2-1"	"sow"	"NA"	1	0	0	0	0	0	0	0	0	0	1	0	0	0	1	1	1	1	1	1	0	0	0	0	0	1	0	0	0	0	1	0	0	0	1	1	1	0	0	0	0	0	0	0	0	0	1	0	0	0	1	1	1	0	1	1	1	1	1	0	0	1	1	1	1	0	1	1	0	0	0	1	1	1	1	1	1	1	0	0	0	0	0	0	0	0	0	0	1	1	1	1	1	0	1	0	1	0	0	0	1	2	0	0	0	1	0	0	0	1	0	1	0	0	1	0	0	0	0	0	0	0	0	0	0	0	0	1	0
"Res13-Lact-PEA13-11"	"LPEA1311"	"chromosome"	"Escherichia coli"	"O118/O151;O151 (100.0):H25 (100.0)"	"uidA"	1684	38759	"A"	"feces"	"K"	"AF3"	"AF3-2"	"suckler"	5	0	0	0	0	0	0	0	0	0	0	0	0	0	0	0	0	1	1	1	1	0	0	0	0	0	1	0	0	0	0	1	0	0	0	1	1	1	0	0	1	0	0	0	0	0	0	1	0	0	0	1	1	1	1	1	1	1	1	1	0	0	1	0	1	1	0	1	1	1	0	0	1	1	1	1	1	1	0	0	0	0	0	0	0	0	0	0	0	1	1	1	1	1	0	1	0	0	0	0	0	0	1	0	0	0	1	0	0	0	1	0	0	0	0	1	0	0	0	0	0	0	0	0	0	0	0	0	0	0
"Res13-Abat-PEC08-P2-01"	"NA"	"chromosome"	"Acinetobacter sp."	"ND"	"ND"		"new"		"swab"	"U"	"CV"	"CV-2"	"carcass"	"NA"	0	0	0	0	0	0	0	0	0	0	0	0	0	0	0	0	0	0	0	0	0	0	0	0	0	0	0	1	0	0	0	0	0	0	0	0	0	0	0	0	0	0	0	0	0	0	0	0	0	0	0	0	0	0	0	0	0	0	0	0	0	0	0	0	0	0	0	0	0	0	0	0	0	0	0	0	0	0	0	0	0	0	0	0	0	0	0	0	0	0	0	0	0	0	0	0	0	0	0	0	0	0	0	0	0	0	0	0	0	0	0	0	0	0	0	0	0	0	0	0	0	0	0	0	0	0	0	0	0
"Res13-Lact-EB03-01"	"NA"	"chromosome"	"Escherichia coli"	"O126 (99.53):H25 (100.0)"	"uidA"	58	1601	"B1"	"feces"	"A"	"AF1"	"AF1-1"	"sow"	1	0	0	0	0	0	0	0	0	0	0	0	0	0	0	0	0	1	1	1	1	0	0	0	0	0	1	0	0	0	0	1	0	0	0	1	1	1	0	0	1	0	0	0	0	0	0	1	0	0	0	1	1	0	1	1	1	1	1	1	0	0	1	0	1	1	0	1	1	1	0	0	1	1	1	1	1	1	0	0	0	0	0	0	0	0	0	0	0	1	1	1	1	1	0	1	0	0	0	0	0	0	1	0	0	0	1	0	0	0	1	0	0	0	0	1	0	0	0	0	0	0	0	0	0	0	0	0	1	0
"Res13-Lact-EA10-01"	"NA"	"chromosome"	"Escherichia coli"	"O-untypeable:H16 (99.87)"	"eae;uidA"	603	34987	"B1"	"feces"	"K"	"AF3"	"AF3-2"	"sow"	1	0	0	0	0	0	0	0	0	0	0	0	0	0	0	0	0	1	1	1	1	0	0	0	0	0	1	0	0	0	0	1	0	0	0	1	1	0	0	0	0	0	0	0	0	0	0	1	0	0	0	1	1	1	1	1	1	1	1	1	0	0	0	0	1	1	0	1	1	0	0	0	1	1	1	1	1	1	0	0	0	0	0	0	0	0	0	0	0	1	1	1	1	1	0	1	0	0	0	0	0	0	1	0	0	0	1	0	0	0	1	0	0	0	0	1	0	0	0	0	0	0	0	0	0	0	0	0	1	0
"Res13-Abat-PEC09-P3-02"	"NA"	"chromosome"	"Acinetobacter sp."	"ND"	"ND"		"new"		"swab"	"U"	"CV"	"CV-2"	"carcass"	"NA"	0	0	0	0	0	0	0	0	0	0	0	0	0	0	0	0	0	0	0	0	0	0	0	0	0	0	0	1	0	0	0	0	0	0	0	0	0	0	0	0	0	0	0	0	0	0	0	0	0	0	0	0	0	0	0	0	0	0	0	0	0	0	0	0	0	0	0	0	0	0	0	0	0	0	0	0	0	0	0	0	0	0	0	0	0	0	0	0	0	0	0	0	0	0	0	0	0	0	0	0	0	0	0	0	0	0	0	0	0	0	0	0	0	0	0	0	0	0	0	0	0	0	0	0	0	0	0	0	0
"Res13-Sevr-PER05-35"	"NA"	"chromosome"	"Escherichia coli"	"O-untypeable:H26 (99.94)"	"uidA"	7585	59930	"A"	"feces"	"G"	"AF2"	"AF2-1"	"weaner"	4	0	0	0	0	0	0	0	0	0	0	0	0	0	0	1	1	1	1	1	1	0	0	0	0	0	1	0	0	0	0	1	1	0	0	1	1	1	0	0	1	0	0	0	0	0	0	1	0	0	0	1	1	1	1	1	1	1	1	1	0	0	1	1	1	1	0	1	1	1	0	0	1	1	1	1	1	1	1	0	0	0	0	0	0	0	0	0	0	1	1	1	1	1	0	1	0	0	0	0	0	0	0	0	0	0	1	0	0	0	0	0	0	0	0	0	0	0	0	0	0	0	0	0	0	0	0	0	0	0
"Res13-Fini-PEA25-34"	"FPEA2534"	"chromosome"	"Escherichia coli"	"O112ab (99.15):H8 (100.0)"	"uidA"	75		"B1"	"feces"	"P"	"AF3"	"AF3-4"	"finisher"	4	0	0	0	0	0	0	0	0	0	0	0	0	0	0	1	1	1	1	1	1	0	0	0	0	0	1	0	0	0	0	1	0	0	0	1	1	1	0	0	1	0	1	0	0	0	0	1	0	0	0	1	1	1	1	1	1	1	1	1	0	0	1	1	1	1	0	1	1	0	0	0	1	1	1	1	1	1	0	0	0	0	0	0	0	0	0	0	0	1	1	1	1	1	0	1	0	1	0	0	0	0	1	0	0	0	1	0	0	0	1	0	0	0	0	1	0	0	0	0	0	0	0	0	0	0	0	0	1	0
"Res13-Lact-PEB03-01"	"NA"	"chromosome"	"Escherichia coli"	"O86 (100.0):H-untypeable"	"uidA"	101	1589	"B1"	"feces"	"A"	"AF1"	"AF1-1"	"suckler"	4	0	0	0	0	0	0	0	0	0	0	0	0	0	0	0	0	1	1	1	1	0	0	0	0	0	1	0	0	0	0	1	1	0	0	1	1	1	0	0	1	0	0	0	0	0	0	1	0	0	0	1	1	1	1	1	1	1	1	1	0	0	1	1	1	1	0	1	1	1	0	0	1	1	1	1	1	1	0	0	0	0	0	0	0	0	0	0	0	1	1	1	1	1	0	1	0	1	0	0	0	0	1	0	0	0	1	0	0	0	1	0	0	0	0	1	0	0	0	0	0	0	0	0	0	0	0	0	1	0
"Res13-Abat-PEA24-P4-01"	"NA"	"chromosome"	"Enterobacter sp."	"ND"	"ND"				"swab"	"U"	"AF3"	"AF3-4"	"carcass"	"NA"	0	0	0	0	0	0	0	0	0	0	0	0	0	0	1	1	0	1	0	0	0	0	0	0	0	0	1	0	0	0	1	0	0	1	0	0	1	0	0	1	0	0	1	0	0	0	0	0	0	0	0	1	0	0	1	0	0	0	0	0	0	0	0	1	0	0	0	0	0	0	0	0	0	1	0	1	0	0	0	0	0	0	0	0	0	0	0	0	1	0	0	0	0	1	1	1	0	0	0	0	0	0	0	0	0	1	0	0	0	0	0	0	0	0	0	0	0	0	0	0	0	0	0	0	0	0	0	0	0
"Res13-Lact-PEB08-33"	"LPEB0833"	"chromosome"	"Escherichia coli"	"O39 (99.92):H21 (99.86)"	"uidA"	101	1589	"B1"	"feces"	"B"	"AF1"	"AF1-2"	"suckler"	5	0	0	0	0	0	0	0	0	0	0	0	0	0	0	0	0	1	1	1	1	0	0	0	0	0	1	0	0	0	0	1	0	0	0	1	1	1	0	0	1	0	0	0	0	0	0	1	0	0	0	1	1	1	1	1	1	1	1	1	0	0	0	0	1	1	0	1	1	1	0	0	1	1	1	1	1	1	2	0	0	0	0	0	0	0	0	0	0	1	1	1	1	1	0	1	0	1	0	0	0	0	1	0	0	0	1	0	0	0	1	0	0	0	0	1	0	0	0	0	0	0	0	0	0	0	0	0	1	0
"Res13-Lact-PEA13-26"	"LPEA1326"	"chromosome"	"Escherichia coli"	"O118/O151;O151 (100.0):H25 (100.0)"	"uidA"	1684	38759	"A"	"feces"	"K"	"AF3"	"AF3-2"	"suckler"	5	0	0	0	0	0	0	0	0	0	0	0	0	0	0	0	0	1	1	1	1	0	0	0	0	0	1	0	0	0	0	1	0	0	0	1	1	1	0	0	1	0	0	0	0	0	0	1	0	0	0	1	1	1	1	1	1	1	1	1	0	0	1	0	1	1	0	1	1	1	0	0	1	1	1	1	1	1	0	0	0	0	0	0	0	0	0	0	0	1	1	1	1	1	0	1	0	0	0	0	0	0	1	0	0	0	1	0	0	0	1	0	0	0	0	1	0	0	0	0	0	0	0	0	0	0	0	0	0	0
"Res13-Croi-PEA27-33"	"CPEA2733"	"chromosome"	"Escherichia coli"	"ND"	"eae;hlyAEc;O145;uidA"	1034		"D"	"feces"	"P"	"AF3"	"AF3-4"	"grower"	5	0	0	0	0	0	0	0	0	0	0	0	0	0	0	0	0	1	1	1	1	0	0	0	0	0	1	0	0	0	0	1	0	0	0	1	1	1	0	0	2	0	0	0	0	0	0	1	0	0	0	1	1	0	1	1	1	1	1	1	0	0	0	0	1	1	0	1	1	1	0	0	1	1	1	1	1	1	0	0	0	0	0	0	0	0	0	0	0	1	1	1	1	1	0	1	0	0	0	0	0	0	1	0	0	0	1	0	0	0	1	0	0	0	0	1	0	0	0	0	0	0	0	0	0	0	0	0	1	0
"Res13-Croi-PEC11-19"	"CPEC1119"	"chromosome"	"Escherichia coli"	"O24 (100.0):H4 (100.0)"	"uidA"	117	14771	"G"	"feces"	"T"	"CV"	"CV-2"	"grower"	4	0	0	0	0	0	0	0	0	0	0	0	0	1	0	1	1	1	1	1	1	1	0	0	0	0	1	0	0	0	0	1	1	0	0	1	1	1	0	1	1	0	0	0	0	0	0	0	0	0	0	1	1	1	1	1	1	1	1	1	0	0	1	0	1	1	0	1	1	1	0	0	1	1	1	1	1	1	0	0	0	0	0	0	0	0	0	0	0	1	1	1	1	1	0	1	0	1	0	0	0	1	1	0	1	0	1	0	0	0	0	0	0	0	0	0	0	0	1	0	0	0	0	0	0	0	0	0	0	0
"Res13-Lact-PEA01-11"	"NA"	"chromosome"	"Escherichia coli"	"O112ab (98.85):H8 (100.0)"	"uidA"	75		"B1"	"feces"	"J"	"AF3"	"AF3-1"	"suckler"	5	0	0	0	0	0	0	0	0	0	0	0	0	0	0	1	1	1	1	1	1	0	0	0	0	0	1	0	0	0	0	1	0	0	0	1	1	1	0	0	2	0	1	0	0	0	0	1	0	0	0	1	1	1	1	1	1	1	1	1	0	0	1	1	1	1	0	1	1	0	0	0	1	1	1	1	1	1	0	0	0	0	0	0	0	0	0	0	0	1	1	1	1	1	0	1	0	1	0	0	0	0	1	0	0	0	1	0	0	0	1	0	0	0	0	1	0	0	0	0	0	0	0	0	0	0	0	0	1	0
"Res13-Sevr-LER2-33"	"SLER233"	"chromosome"	"Providencia rettgeri"	"ND"	"ND"	"new"	"new"		"manure"	"H"	"AF2"	"AF2-2"	"weaner"	"NA"	0	0	0	0	0	0	0	1	0	0	0	0	0	0	0	0	0	0	0	0	0	0	0	0	0	0	0	0	0	0	1	0	0	0	0	0	0	0	0	1	0	0	0	0	0	0	0	0	0	0	0	0	0	0	0	0	0	0	0	0	0	1	0	0	0	0	0	0	0	0	0	0	0	1	0	0	0	0	0	0	0	0	0	0	0	0	0	0	0	0	0	0	0	0	0	0	0	0	0	1	1	1	0	0	0	0	0	0	0	0	0	1	0	0	0	1	0	0	0	0	0	0	0	0	0	0	0	0	0
"Res13-Lact-ER13-10"	"NA"	"chromosome"	"Escherichia coli"	"O167 (99.37):H26 (98.63)"	"uidA"	5135	34220	"D"	"feces"	"F"	"AF2"	"AF2-2"	"sow"	1	0	0	0	0	0	0	0	0	0	0	0	0	0	0	0	0	1	1	1	1	1	0	0	0	0	1	0	0	0	0	1	0	0	0	1	1	1	0	1	1	0	0	0	0	0	0	0	0	0	0	1	1	1	1	1	1	1	1	1	0	0	0	0	1	1	0	1	1	0	0	0	1	1	1	1	1	1	0	0	0	0	0	0	0	0	0	0	0	1	1	1	1	1	0	1	0	1	0	0	0	0	0	0	0	0	1	0	0	0	0	0	0	0	0	0	0	0	0	0	0	0	0	0	0	0	0	0	0	0
"Res13-Fini-PEC06-39"	"NA"	"chromosome"	"Escherichia coli"	"O184 (100.0):H11 (99.39)"	"uidA"	48	15627	"A"	"feces"	"S"	"CV"	"CV-1"	"finisher"	5	0	0	0	0	0	0	0	0	0	0	0	0	0	0	0	0	1	1	1	1	0	0	0	0	0	0	0	0	0	0	1	1	0	0	1	1	1	0	0	1	0	0	0	0	0	0	1	0	0	0	1	1	1	1	1	1	1	1	1	0	0	1	1	1	1	0	1	1	1	0	0	1	1	1	1	1	1	1	0	0	0	0	0	0	0	0	0	0	1	1	1	1	1	0	1	0	0	0	0	0	0	0	0	0	0	1	0	1	0	0	0	0	0	0	0	0	0	0	0	0	0	0	0	0	0	0	0	0	0
"Res13-Lact-PEC05-17"	"LPEC0517"	"chromosome"	"Enterobacter cloacae"	"ND"	"ND"		"ND"		"feces"	"S"	"CV"	"CV-1"	"suckler"	5	0	0	0	1	0	0	0	0	0	0	0	0	0	0	0	0	0	1	0	0	0	0	0	0	0	0	0	0	0	0	1	0	0	1	0	0	1	0	0	2	0	0	1	0	0	0	0	0	0	0	0	1	0	0	1	0	0	0	0	0	0	1	1	1	0	0	0	0	0	0	0	0	0	1	0	1	0	0	0	0	0	0	0	0	0	0	0	0	1	0	0	0	0	1	1	1	0	0	0	0	0	0	0	0	0	1	0	0	0	0	0	0	0	0	0	0	0	0	0	0	0	0	0	0	0	0	0	0	0
"Res13-Lact-EC05-01"	"LEC0501"	"chromosome"	"Citrobacter freundii"	"ND"	"ND"		79425		"feces"	"S"	"CV"	"CV-1"	"sow"	1	0	0	0	0	0	0	0	0	0	0	0	0	0	0	0	0	0	1	0	0	0	1	0	0	0	1	0	0	0	0	1	0	0	1	0	0	1	0	0	1	0	0	0	0	0	0	0	0	0	0	1	1	0	0	1	1	0	0	0	0	0	1	1	1	0	0	1	0	0	0	0	0	0	1	0	1	0	0	0	0	0	0	0	0	0	0	0	0	1	0	0	0	0	0	1	0	0	0	0	0	0	0	0	0	0	0	0	0	0	0	0	0	0	0	0	0	0	0	0	0	0	0	0	0	0	0	0	0	0
"Res13-Abat-PEC02-P3-01"	"NA"	"chromosome"	"Acinetobacter sp."	"ND"	"ND"	"new"	"new"		"swab"	"U"	"CV"	"CV-1"	"carcass"	"NA"	0	0	0	0	0	0	0	0	0	0	0	0	0	0	0	0	0	0	0	0	0	0	0	0	0	0	0	1	0	0	0	0	0	0	0	0	0	0	0	0	0	0	0	0	0	0	0	0	0	0	0	0	0	0	0	0	0	0	0	0	0	0	0	0	0	0	0	0	0	0	0	0	0	0	0	0	0	0	0	0	0	0	0	0	0	0	0	0	0	0	0	0	0	0	0	0	0	0	0	0	0	0	0	0	0	0	0	0	0	0	0	0	0	0	0	0	0	0	0	0	0	0	0	0	0	0	0	0	0
"Res13-Lact-PEC11-32"	"LPEC1132"	"chromosome"	"Escherichia coli"	"O8 (100.0):H25 (100.0)"	"uidA"	58		"B1"	"feces"	"S"	"CV"	"CV-2"	"suckler"	5	0	0	0	0	0	0	0	0	0	0	0	0	0	0	1	1	1	1	1	1	1	0	0	0	0	1	0	0	0	0	1	1	0	0	1	1	1	0	0	1	0	0	0	0	0	0	1	0	0	0	1	1	1	1	1	1	1	1	1	0	0	1	0	1	1	0	1	1	0	0	0	1	1	1	1	1	1	0	0	0	0	0	0	0	0	0	0	0	1	1	1	1	1	0	1	0	0	0	0	0	0	1	0	0	1	1	0	0	0	0	0	0	0	0	0	0	0	0	0	0	0	0	0	0	0	0	0	0	0
"Res13-Lact-PEC05-10"	"LPEC0510"	"chromosome"	"Enterobacter cloacae"	"ND"	"ND"	"ND"	"ND"		"feces"	"S"	"CV"	"CV-1"	"suckler"	5	0	0	0	1	0	0	0	0	0	0	0	0	0	0	0	0	0	1	0	0	0	0	0	0	0	0	0	0	0	0	1	0	0	1	0	0	1	0	0	2	0	0	1	0	0	0	0	0	0	0	0	1	0	0	1	0	0	0	0	0	0	1	1	1	0	0	0	0	0	0	0	0	0	1	0	1	0	0	0	0	0	0	0	0	0	0	0	0	1	0	0	0	0	1	1	1	0	0	0	0	0	0	0	0	0	1	0	0	0	0	0	0	0	0	0	0	0	0	0	0	0	0	0	0	0	0	0	0	0
"Res13-Lact-PER01-35"	"LPER0135"	"chromosome"	"Escherichia coli"	"O-untypeable:H4 (100.0)"	"uidA"	761	"new"	"A"	"feces"	"E"	"AF2"	"AF2-1"	"suckler"	4	1	0	0	0	0	0	0	0	0	0	1	0	0	0	1	1	1	1	1	1	0	0	0	0	0	1	0	0	0	0	1	0	0	0	1	1	1	0	0	2	0	0	0	0	0	0	1	0	0	0	1	1	1	0	1	1	1	1	1	0	0	1	1	1	1	0	1	1	0	0	0	1	1	1	1	1	1	1	0	0	0	0	0	0	0	0	0	0	1	1	1	1	1	0	1	0	1	0	0	0	1	1	0	0	0	1	0	0	0	1	0	1	0	0	1	0	0	0	0	0	0	0	0	0	0	0	0	1	0
"Res13-Sevr-PEB04-36"	"NA"	"chromosome"	"Citrobacter sp."	"ND"	"ND"				"feces"	"C"	"AF1"	"AF1-1"	"weaner"	5	0	0	0	0	0	0	0	0	0	0	0	0	0	0	0	0	0	1	0	0	0	0	0	0	0	1	0	0	0	0	1	0	0	1	0	1	1	0	0	2	0	0	0	0	0	0	0	0	0	0	0	1	0	0	1	1	0	0	0	0	0	0	0	1	0	0	1	0	0	0	0	0	0	1	0	1	0	0	0	0	0	0	0	0	0	0	0	0	1	0	0	0	0	0	1	0	0	0	0	0	0	0	0	0	0	0	0	0	0	0	0	0	0	0	0	0	0	0	0	0	0	0	0	0	0	0	0	0	0
"Res13-Fini-PEA17-13"	"FPEA1713"	"chromosome"	"Escherichia coli"	"ND"	"eae;hlyAEc;O145;uidA"	1034		"D"	"feces"	"P"	"AF3"	"AF3-3"	"finisher"	5	0	0	0	0	0	0	0	0	0	0	0	0	0	0	0	0	1	1	1	1	0	0	0	0	0	1	0	0	0	0	1	0	0	0	1	1	1	0	0	0	0	0	0	0	0	0	1	0	0	0	1	1	0	1	1	1	1	1	1	0	0	0	0	1	1	0	1	1	1	0	0	1	1	1	1	1	1	0	0	0	0	0	0	0	0	0	0	0	1	1	1	1	1	0	1	0	0	0	0	0	0	1	0	0	0	1	0	0	0	1	0	0	0	0	1	0	0	0	0	0	0	0	0	0	0	0	0	1	0
"Res13-Fini-PEB05-34"	"NA"	"chromosome"	"Escherichia coli"	"O9 (99.87):H25 (100.0)"	"uidA"		1549	"B1"	"feces"	"C"	"AF1"	"AF1-1"	"finisher"	4	0	0	0	0	0	0	0	0	0	1	0	0	0	0	0	0	1	1	1	1	0	0	0	0	0	1	0	0	0	0	1	1	0	0	1	1	1	0	0	2	0	0	0	0	0	0	1	0	0	0	1	1	1	1	1	1	1	1	1	1	0	0	0	1	1	0	1	1	0	0	0	1	1	1	1	1	1	0	0	0	0	0	0	0	0	0	0	0	1	1	1	1	1	0	1	0	2	0	1	0	0	0	0	0	0	1	1	0	0	0	0	0	0	0	0	0	0	0	0	1	0	0	0	1	1	0	0	0	0
"Res13-Fini-PEB15-40"	"NA"	"chromosome"	"Escherichia coli"	"O-untypeable:H2 (99.13)"	"uidA"			"A"	"feces"	"D"	"AF1"	"AF1-3"	"finisher"	3	0	0	0	0	0	0	0	0	0	0	1	0	0	0	0	0	1	1	1	1	0	0	0	0	0	0	0	0	0	0	1	1	0	0	1	1	1	0	0	1	0	0	0	0	0	1	1	0	0	0	1	1	1	1	1	1	1	1	1	1	0	1	1	1	1	0	1	1	1	0	0	1	1	1	1	1	1	0	0	0	0	0	0	0	0	0	0	0	1	1	1	1	1	0	1	0	1	0	1	0	0	0	0	0	0	1	0	0	0	0	0	0	0	0	0	0	0	0	0	0	1	0	0	1	0	0	0	0	0
"Res13-Abat-PEC06-P4-01"	"NA"	"chromosome"	"Acinetobacter sp."	"ND"	"ND"	"new"	"new"		"swab"	"U"	"CV"	"CV-1"	"carcass"	"NA"	0	0	0	0	0	0	0	0	0	0	0	0	0	0	0	0	0	0	0	0	0	0	0	0	0	0	0	1	0	0	0	0	0	0	0	0	0	0	0	0	0	0	0	0	0	0	0	0	0	0	0	0	0	0	0	0	0	0	0	0	0	0	0	0	0	0	0	0	0	0	0	0	0	0	0	0	0	0	0	0	0	0	0	0	0	0	0	0	0	0	0	0	0	0	0	0	0	0	0	0	0	0	0	0	0	0	0	0	0	0	0	0	0	0	0	0	0	0	0	0	0	0	0	0	0	0	0	0	0
"Res13-Lact-PEA02-37"	"NA"	"chromosome"	"Escherichia coli"	"O17/O77 (99.92):H28 (98.33)"	"uidA"	2944	42957	"D"	"feces"	"J"	"AF3"	"AF3-1"	"suckler"	5	0	0	0	0	0	0	0	0	0	0	0	0	0	0	0	0	1	1	1	1	0	0	0	0	0	1	0	0	0	0	1	1	0	1	1	1	1	0	1	2	0	0	0	0	0	0	0	0	0	0	1	1	1	1	1	1	1	1	1	1	0	1	0	1	1	0	1	1	1	0	0	1	1	1	1	1	1	0	0	0	0	0	0	0	0	0	0	0	1	1	1	1	1	0	1	0	0	0	0	0	1	0	0	0	0	1	1	0	0	0	0	0	0	0	0	0	0	0	0	0	0	0	0	1	1	0	0	0	0
"Res13-Lact-PEA08-37"	"LPEA0837"	"chromosome"	"Escherichia coli"	"O-untypeable:H16 (99.87)"	"eae;uidA"	603	34987	"B1"	"feces"	"K"	"AF3"	"AF3-2"	"suckler"	5	0	0	0	0	0	0	0	0	0	0	0	0	0	0	0	0	1	1	1	1	0	0	0	0	0	1	0	0	0	0	1	0	0	0	1	1	0	0	0	1	0	0	0	0	0	0	1	0	0	0	1	1	1	1	1	1	1	1	1	0	0	0	0	1	1	0	1	1	0	0	0	1	1	1	1	1	1	0	0	0	0	0	0	0	0	0	0	0	1	1	1	1	1	0	1	0	0	0	0	0	0	1	0	0	0	1	0	0	0	1	0	0	0	0	1	0	0	0	0	0	0	0	0	0	0	0	0	1	0
"Res13-Lact-ER07-26"	"LER0726"	"chromosome"	"Escherichia coli"	"O-untypeable:H4 (100.0)"	"uidA"	761	"new"	"A"	"feces"	"E"	"AF2"	"AF2-1"	"sow"	1	1	0	0	0	0	0	0	0	0	0	1	0	0	0	1	1	1	1	1	1	0	0	0	0	0	1	0	0	0	0	1	0	0	0	1	1	1	0	0	0	0	0	0	0	0	0	1	0	0	0	1	1	1	0	1	1	1	1	1	0	0	1	1	1	1	0	1	1	0	0	0	1	1	1	1	1	1	1	0	0	0	0	0	0	0	0	0	0	1	1	1	1	1	0	1	0	1	0	0	0	1	1	0	0	0	1	0	0	0	1	0	1	0	0	1	0	0	0	0	0	0	0	0	0	0	0	0	1	0
"Res13-Croi-PER08-18"	"NA"	"chromosome"	"Escherichia coli"	"O-untypeable:H4 (99.14)"	"uidA"	2496		"A"	"feces"	"H"	"AF2"	"AF2-2"	"grower"	3	0	0	0	0	0	0	0	0	0	0	0	0	0	0	1	1	1	1	1	1	1	0	0	0	0	0	0	0	0	0	1	1	0	0	1	1	1	0	0	0	0	0	0	0	0	0	1	0	0	0	1	1	1	1	1	1	1	1	1	0	0	1	1	1	1	0	1	1	0	0	0	1	1	1	1	1	1	0	0	0	0	0	0	0	0	0	0	0	1	1	1	1	1	0	1	0	1	0	0	0	0	0	0	0	0	1	0	0	0	0	0	1	0	0	0	0	0	0	0	0	0	0	0	0	0	0	0	0	0
"Res13-Lact-PEC05-16"	"LPEC0516"	"chromosome"	"Enterobacter cloacae"	"ND"	"ND"				"feces"	"S"	"CV"	"CV-1"	"suckler"	5	0	0	0	1	0	0	0	0	0	0	0	0	0	0	0	0	0	1	0	0	0	0	0	0	0	0	0	0	0	0	1	0	0	1	0	0	1	0	0	2	0	0	1	0	0	0	0	0	0	0	0	1	0	0	1	0	0	0	0	0	0	1	1	1	0	0	0	0	0	0	0	0	0	1	0	1	0	0	0	0	0	0	0	0	0	0	0	0	1	0	0	0	0	1	1	1	0	0	0	0	0	0	0	0	0	1	0	0	0	0	0	0	0	0	0	0	0	0	0	0	0	0	0	0	0	0	0	0	0
"Res13-Lact-EC08-33"	"LEC0833"	"chromosome"	"Escherichia coli"	"O-untypeable:H4 (100.0)"	"uidA"	8431		"C"	"feces"	"S"	"CV"	"CV-2"	"sow"	1	0	0	0	0	0	0	0	0	0	0	0	0	1	0	0	0	1	1	1	1	1	0	0	0	0	1	0	0	0	0	1	0	0	0	1	1	1	0	0	2	0	0	0	0	0	0	1	0	0	0	1	1	1	1	1	1	1	1	1	0	0	1	1	1	1	0	1	1	0	0	0	1	1	1	1	2	1	0	0	0	0	0	0	0	0	0	0	0	1	1	1	1	1	0	1	0	1	0	0	0	0	0	0	0	0	1	0	0	0	0	0	0	0	0	0	0	0	0	0	0	0	0	0	0	0	0	0	0	0
"Res13-Lact-EA06-22"	"LEA0622"	"chromosome"	"Escherichia coli"	"O112ab (98.85):H8 (100.0)"	"uidA"	75	"ND"	"B1"	"feces"	"J"	"AF3"	"AF3-1"	"sow"	1	0	0	0	0	0	0	0	0	0	0	0	0	0	0	1	1	1	1	1	1	0	0	0	0	0	1	0	0	0	0	1	0	0	0	1	1	1	0	0	2	0	1	0	0	0	0	1	0	0	0	1	1	1	1	1	1	1	1	1	0	0	1	1	1	1	0	1	1	0	0	0	1	1	1	1	1	1	0	0	0	0	0	0	0	0	0	0	0	1	1	1	1	1	0	1	0	1	0	0	0	0	1	0	0	0	1	0	0	0	1	0	0	0	0	1	0	0	0	0	0	0	0	0	0	0	0	0	1	0
"Res13-Lact-PEA19-11"	"LPEA1911"	"chromosome"	"Escherichia coli"	"O157 (100.0):H16 (100.0)"	"O157"	5502	2038	"A"	"feces"	"K"	"AF3"	"AF3-3"	"suckler"	4	0	0	0	0	0	0	0	0	0	0	0	0	0	0	0	0	1	1	1	1	0	0	0	0	0	1	0	0	0	0	1	0	0	0	1	2	1	0	0	1	0	0	0	0	0	0	1	0	0	0	1	1	1	1	1	1	1	1	1	0	0	0	0	1	1	0	1	1	1	0	0	1	0	1	1	1	1	0	0	0	0	0	0	0	0	0	0	0	1	1	1	1	1	0	1	0	1	0	0	0	0	1	0	0	0	1	0	0	0	1	0	0	0	0	1	0	0	0	0	0	0	0	0	0	0	0	0	1	0
"Res13-Fini-PEC03-13"	"FPEC0313"	"chromosome"	"Escherichia coli"	"O24 (100.0):H4 (100.0)"	"uidA"	117	14771	"G"	"feces"	"S"	"CV"	"CV-1"	"finisher"	5	0	0	0	0	0	0	0	0	0	0	0	0	1	0	1	1	1	1	1	1	1	0	0	0	0	1	0	0	0	0	1	1	0	0	1	1	1	0	1	1	0	0	0	0	0	0	0	0	0	0	1	1	1	1	1	1	1	1	1	0	0	1	0	1	1	0	1	1	1	0	0	1	1	1	1	1	1	0	0	0	0	0	0	0	0	0	0	0	1	1	1	1	1	0	1	0	1	0	0	0	1	1	0	1	0	1	0	0	0	0	0	0	0	0	0	0	0	1	0	0	0	0	0	0	0	0	0	0	0
"Res13-Lact-EB12-05"	"LEB1205"	"chromosome"	"Escherichia coli"	"O-untypeable:H11 (99.39)"	"uidA"	48	29740	"A"	"feces"	"B"	"AF1"	"AF1-2"	"sow"	1	0	0	0	0	0	0	0	0	0	0	0	0	0	0	0	0	1	1	1	1	0	0	0	0	0	0	0	0	0	0	1	0	0	0	1	1	1	0	0	2	0	0	0	0	0	0	1	0	0	0	1	1	0	1	1	1	1	1	1	0	0	1	1	1	1	0	1	1	0	0	0	1	1	1	1	1	1	1	0	0	0	0	0	0	0	0	0	0	1	1	2	1	1	0	1	0	0	0	0	0	0	1	0	0	0	1	0	0	0	1	0	0	0	0	1	0	0	0	0	0	0	0	0	0	0	0	0	1	0
"Res13-Lact-EC07-17"	"LEC0717"	"chromosome"	"Escherichia coli"	"O-untypeable:H4 (100.0)"	"uidA"	8431		"C"	"feces"	"S"	"CV"	"CV-1"	"sow"	1	0	0	0	0	0	0	0	0	0	0	0	0	1	0	0	0	1	1	1	1	1	0	0	0	0	1	0	0	0	0	1	0	0	0	1	1	1	0	0	0	0	0	0	0	0	0	1	0	0	0	1	1	0	1	1	1	1	1	1	0	0	1	1	1	1	0	1	1	0	0	0	1	1	1	1	1	1	0	0	0	0	0	0	0	0	0	0	0	1	1	1	1	1	0	1	0	1	0	0	0	0	0	0	0	0	1	0	0	0	0	0	0	0	0	0	0	0	0	0	0	0	0	0	0	0	0	0	0	0
"Res13-Lact-PEA12-26"	"LPEA1226"	"chromosome"	"Escherichia coli"	"O157 (100.0):H16 (100.0)"	"O157"	5502	2038	"A"	"feces"	"K"	"AF3"	"AF3-2"	"suckler"	3	0	0	0	0	0	0	0	0	0	0	0	0	0	0	0	0	1	1	1	1	0	0	0	0	0	1	0	0	0	0	1	0	0	0	1	2	1	0	0	0	0	0	0	0	0	0	1	0	0	0	1	1	1	1	1	1	1	1	1	0	0	0	0	1	1	0	1	1	1	0	0	1	0	1	1	1	1	0	0	0	0	0	0	0	0	0	0	0	1	1	1	1	1	0	1	0	1	0	0	0	0	1	0	0	0	1	0	0	0	1	0	0	0	0	1	0	0	0	0	0	0	0	0	0	0	0	0	1	0
"Res13-Sevr-PER11-25"	"NA"	"chromosome"	"Escherichia coli"	"O-untypeable:H4 (100.0)"	"uidA"	761		"A"	"feces"	"H"	"AF2"	"AF2-2"	"weaner"	5	1	0	0	0	0	0	0	0	0	1	0	0	0	0	1	1	1	1	1	1	0	0	0	0	0	1	0	0	0	0	1	0	0	0	1	1	1	0	0	0	0	0	0	0	0	0	1	0	0	0	1	1	1	0	1	1	1	1	1	0	0	1	1	1	1	0	1	1	0	0	0	1	1	1	1	1	1	1	0	0	0	0	0	0	0	0	0	0	1	1	1	1	1	0	1	0	1	0	0	0	1	2	0	0	0	1	0	0	0	1	0	1	0	0	1	0	0	0	0	0	0	0	0	0	0	0	0	1	0
"Res13-Lact-EC13-32"	"LEC1332"	"chromosome"	"Escherichia coli"	"O137 (99.67):H41 (98.69)"	"uidA"	3018	15674	"E"	"feces"	"S"	"CV"	"CV-2"	"sow"	1	0	0	0	0	0	0	0	0	0	0	0	0	0	0	1	1	1	1	1	1	1	0	0	0	0	1	0	0	0	0	1	1	0	1	1	1	1	0	0	1	0	0	0	0	0	0	1	0	0	0	1	1	1	1	1	1	1	1	1	0	2	0	0	1	1	0	1	1	0	0	0	1	1	1	1	1	1	0	0	0	0	0	0	0	0	0	0	0	1	1	1	1	1	0	1	0	2	0	0	0	1	1	1	0	0	1	0	0	0	0	0	0	0	0	0	0	0	0	0	0	0	0	0	0	0	0	0	0	1
"Res13-Abat-PEC12-P3-01"	"NA"	"chromosome"	"Acinetobacter sp."	"ND"	"ND"	"new"	"new"		"swab"	"U"	"CV"	"CV-2"	"carcass"	"NA"	0	0	0	0	0	0	0	0	0	0	0	0	0	0	0	0	0	0	0	0	0	0	0	0	0	0	0	1	0	0	0	0	0	0	0	0	0	0	0	0	0	0	0	0	0	0	0	0	0	0	0	0	0	0	0	0	0	0	0	0	0	0	0	0	0	0	0	0	0	0	0	0	0	0	0	0	0	0	0	0	0	0	0	0	0	0	0	0	0	0	0	0	0	0	0	0	0	0	0	0	0	0	0	0	0	0	0	0	0	0	0	0	0	0	0	0	0	0	0	0	0	0	0	0	0	0	0	0	0
"Res13-Lact-PEB08-01"	"LPEB0801"	"chromosome"	"Escherichia coli"	"O39 (99.92):H21 (99.86)"	"uidA"	101	1589	"B1"	"feces"	"B"	"AF1"	"AF1-2"	"suckler"	5	0	0	0	0	0	0	0	0	0	0	0	0	0	0	0	0	1	1	1	1	0	0	0	0	0	1	0	0	0	0	1	0	0	0	1	1	1	0	0	1	0	0	0	0	0	0	1	0	0	0	1	1	1	1	1	1	1	1	1	0	0	0	0	1	1	0	1	1	1	0	0	1	1	1	1	1	1	2	0	0	0	0	0	0	0	0	0	0	1	1	1	1	1	0	1	0	1	0	0	0	0	1	0	0	0	1	0	0	0	1	0	0	0	0	1	0	0	0	0	0	0	0	0	0	0	0	0	1	0
"Res13-Croi-PER12-23"	"NA"	"chromosome"	"Escherichia coli"	"O-untypeable:H8 (100.0)"	"uidA"	75		"B1"	"feces"	"H"	"AF2"	"AF2-2"	"grower"	4	0	0	0	0	0	0	0	0	0	0	0	0	0	0	1	1	1	1	1	1	0	0	0	0	0	1	0	0	0	0	1	0	0	0	1	1	1	0	0	2	0	1	0	0	0	0	1	0	0	0	1	1	1	1	1	1	1	1	1	0	0	1	1	1	1	0	1	1	0	0	0	1	1	1	1	1	1	0	0	0	0	0	0	0	0	0	0	0	1	1	1	1	1	0	1	0	1	0	0	0	0	1	0	0	0	1	0	0	0	1	0	0	0	0	1	0	0	0	0	0	0	0	0	0	0	0	0	1	0
"Res13-Abat-PEA25-P4-02"	"NA"	"chromosome"	"Ochrobactrum sp."	"ND"	"ND"	"ND"	"ND"		"swab"	"U"	"AF3"	"AF3-4"	"carcass"	"NA"	0	0	0	0	0	0	0	0	0	0	0	0	0	0	0	0	0	0	0	0	0	0	0	0	0	0	0	0	0	0	0	0	0	0	0	0	0	1	0	0	0	0	0	0	0	0	0	0	0	0	0	0	0	0	0	0	0	0	0	0	0	0	0	0	0	0	0	0	0	0	0	0	0	0	0	0	0	0	0	0	0	0	0	0	0	0	0	0	0	0	0	0	0	0	0	0	0	0	0	0	0	0	0	0	0	0	0	0	0	0	0	0	0	0	0	0	0	0	0	0	0	0	0	0	0	0	0	0	0
"Res13-Lact-PEB09-34"	"LPEB0934"	"chromosome"	"Escherichia coli"	"O88 (95.4):H32 (99.82)"	"uidA"	10	30350	"A"	"feces"	"B"	"AF1"	"AF1-2"	"suckler"	5	0	0	0	0	0	0	0	0	0	0	0	0	0	0	1	1	1	1	1	1	0	0	0	0	0	0	0	0	0	0	1	0	0	0	1	1	1	0	0	1	0	0	0	0	0	0	1	0	0	0	1	1	1	1	1	1	1	1	1	0	0	1	1	1	1	0	1	1	1	0	0	1	1	1	1	1	1	1	0	0	0	0	0	0	0	0	0	0	1	1	1	1	1	0	1	0	0	0	0	0	0	1	0	0	0	1	0	0	0	1	0	0	0	0	1	0	0	0	0	0	0	0	0	0	0	0	0	1	0
"Res13-Sevr-PEA15-37"	"SPEA1537"	"chromosome"	"Escherichia coli"	"ND"	"eae;hlyAEc;O145;uidA"	1034	"new"	"D"	"feces"	"N"	"AF3"	"AF3-3"	"weaner"	5	0	0	0	0	0	0	0	0	0	0	0	0	0	0	0	0	1	1	1	1	0	0	0	0	0	1	0	0	0	0	1	0	0	0	1	1	1	0	0	2	0	0	0	0	0	0	1	0	0	0	1	1	0	1	1	1	1	1	1	0	0	0	0	1	1	0	1	1	1	0	0	1	1	1	1	1	1	0	0	0	0	0	0	0	0	0	0	0	1	1	1	1	1	0	1	0	0	0	0	0	0	1	0	0	0	1	0	0	0	1	0	0	0	0	1	0	0	0	0	0	0	0	0	0	0	0	0	1	0
"Res13-Lact-ER07-10"	"LER0710"	"chromosome"	"Escherichia coli"	"O176 (100.0):H4 (99.9)"	"ND"	5926	"new"	"E"	"feces"	"E"	"AF2"	"AF2-1"	"sow"	1	0	0	0	0	0	0	0	0	0	0	0	0	0	0	1	1	1	1	1	1	1	0	0	0	0	1	0	0	0	0	1	0	0	0	1	1	1	0	0	1	0	0	0	0	0	0	0	0	0	0	1	1	1	1	1	1	1	1	1	0	0	1	1	1	1	0	1	1	1	0	0	1	1	1	1	1	1	0	0	0	0	0	0	0	0	0	0	0	1	1	1	1	1	0	1	0	0	0	0	0	0	1	0	0	0	1	0	0	0	0	0	1	0	0	0	0	0	0	0	0	0	0	0	0	0	0	0	0	0
"Res13-Sevr-PEC09-47"	"SPEC0947"	"chromosome"	"Enterobacter sp."	"ND"	"ND"				"feces"	"R"	"CV"	"CV-2"	"weaner"	4	0	0	0	0	1	0	0	0	0	0	0	0	0	0	0	0	0	1	0	0	0	0	0	0	0	0	0	0	0	0	1	0	0	1	0	0	1	0	0	2	0	0	1	0	0	0	0	0	0	0	0	1	0	0	1	0	0	0	0	0	0	1	1	1	0	0	0	0	0	0	0	0	0	1	0	1	0	0	0	0	0	0	0	0	0	0	0	0	1	0	0	0	0	1	1	1	0	0	0	0	0	0	0	0	0	1	0	0	0	0	0	0	0	0	0	0	0	0	0	0	0	0	0	0	0	0	0	0	0
"Res13-Lact-EA09-01"	"NA"	"chromosome"	"Escherichia coli"	"O9 (99.49):H17 (99.9)"	"uidA"			"B1"	"feces"	"K"	"AF3"	"AF3-2"	"sow"	1	0	0	0	0	0	0	0	0	0	0	0	0	1	0	0	0	1	1	1	1	0	0	0	0	0	1	0	0	0	0	1	1	0	0	1	1	1	0	0	1	0	0	0	0	0	0	1	0	0	0	1	1	1	1	1	1	1	1	1	0	0	1	1	1	1	0	1	1	0	0	0	1	1	1	1	1	1	0	0	0	0	0	0	0	0	0	0	0	1	1	1	1	1	0	1	0	1	0	0	1	0	1	0	1	0	1	0	0	0	1	0	0	0	0	1	0	0	0	0	0	0	0	0	0	0	0	0	1	0
"Res13-Lact-PER02-35"	"LPER0235"	"chromosome"	"Escherichia coli"	"O-untypeable:H4 (100.0)"	"uidA"	761	"new"	"A"	"feces"	"E"	"AF2"	"AF2-1"	"suckler"	4	1	0	0	0	0	0	0	0	0	0	1	0	0	0	1	1	1	1	1	1	0	0	0	0	0	1	0	0	0	0	1	0	0	0	1	1	1	0	0	2	0	0	0	0	0	0	1	0	0	0	1	1	1	0	1	1	1	1	1	0	0	1	1	1	1	0	1	1	0	0	0	1	1	1	1	1	1	1	0	0	0	0	0	0	0	0	0	0	1	1	1	1	1	0	1	0	1	0	0	0	1	2	0	0	0	1	0	0	0	1	0	1	0	0	1	0	0	0	0	0	0	0	0	0	0	0	0	1	0
"Res13-Lact-PER13-34"	"LPER1334"	"chromosome"	"Escherichia coli"	"O167 (99.37):H26 (98.63)"	"uidA"	5135	34220	"D"	"feces"	"F"	"AF2"	"AF2-2"	"suckler"	4	0	0	0	0	0	0	0	0	0	0	0	0	0	0	0	0	1	1	1	1	0	0	0	0	0	1	0	0	0	0	1	0	0	0	1	1	1	0	1	1	0	0	0	0	0	0	0	0	0	0	1	1	1	1	1	1	1	1	1	0	0	0	0	1	1	0	1	1	0	0	0	1	1	1	1	1	1	0	0	0	0	0	0	0	0	0	0	0	1	1	1	1	1	0	1	0	1	0	0	0	0	1	0	0	0	1	0	0	0	1	0	0	0	0	1	0	0	0	0	0	0	0	0	0	0	0	0	1	0
"Res13-Lact-PER10-32"	"LPER1032"	"chromosome"	"Escherichia coli"	"O112ab (99.15):H8 (100.0)"	"uidA"	75	"new"	"B1"	"feces"	"F"	"AF2"	"AF2-2"	"suckler"	4	0	0	0	0	0	0	0	0	0	0	0	0	0	0	1	1	1	1	1	1	0	0	0	0	0	1	0	0	0	0	1	0	0	0	1	1	1	0	0	0	0	1	0	0	0	0	1	0	0	0	1	1	1	1	1	1	1	1	1	0	0	1	1	1	1	0	1	1	0	0	0	1	1	1	1	1	1	0	0	0	0	0	0	0	0	0	0	0	1	1	1	1	1	0	1	0	1	0	0	0	0	1	0	0	0	1	0	0	0	1	0	0	0	0	1	0	0	0	0	0	0	0	0	0	0	0	0	1	0
"Res13-Abat-PEA25-P4-01-A"	"NA"	"chromosome"	"Ochrobactrum sp."	"ND"	"ND"		"new"		"swab"	"U"	"AF3"	"AF3-4"	"carcass"	"NA"	0	0	0	0	0	0	0	0	0	0	0	0	0	0	0	0	0	0	0	0	0	0	0	0	0	0	0	0	0	0	0	0	0	0	0	0	0	1	0	0	0	0	0	0	0	0	0	0	0	0	0	0	0	0	0	0	0	0	0	0	0	0	0	0	0	0	0	0	0	0	0	0	0	0	0	0	0	0	0	0	0	0	0	0	0	0	0	0	0	0	0	0	0	0	0	0	0	0	0	0	0	0	0	0	0	0	0	0	0	0	0	0	0	0	0	0	0	0	0	0	0	0	0	0	0	0	0	0	0
"Res13-Lact-EA16-12"	"LEA1612"	"chromosome"	"Escherichia coli"	"O21 (99.92):H21 (98.64)"	"uidA"	56	14734	"B1"	"feces"	"K"	"AF3"	"AF3-3"	"sow"	1	0	0	0	0	0	0	0	0	0	0	0	0	0	0	0	0	1	1	1	1	0	0	0	0	0	1	0	0	0	0	1	0	0	0	1	1	1	0	0	1	0	0	0	0	0	0	1	0	0	0	1	1	1	1	1	1	1	1	1	0	0	0	0	1	1	0	1	1	1	0	0	1	1	1	1	1	1	0	0	0	0	0	0	0	0	0	0	0	1	1	1	1	1	0	1	0	1	0	0	0	0	1	0	0	0	1	0	0	0	1	0	0	0	0	1	0	0	0	0	0	0	0	0	0	0	0	0	1	0
"Res13-Fini-PEB16-01"	"NA"	"chromosome"	"Escherichia coli"	"O58 (100.0):H21 (100.0)"	"uidA"	101	42789	"B1"	"feces"	"D"	"AF1"	"AF1-3"	"finisher"	3	0	0	0	0	0	0	0	0	0	0	0	0	0	0	0	0	1	1	1	1	1	0	0	0	0	1	0	0	0	0	1	0	0	0	1	1	1	0	0	1	0	0	0	0	0	0	1	0	0	0	1	1	0	1	1	1	1	1	1	0	0	0	0	1	1	0	1	1	1	0	0	1	1	1	1	1	1	0	0	0	0	0	0	0	0	0	0	0	1	1	1	1	1	0	1	0	0	0	0	0	0	0	0	0	0	1	0	0	0	0	0	0	0	0	0	0	0	0	0	0	0	0	0	0	0	0	0	0	0
"Res13-Sevr-PEA27-14"	"SPEA2714"	"chromosome"	"Escherichia coli"	"ND"	"eae;hlyAEc;O145;uidA"	1034	"new"	"D"	"feces"	"N"	"AF3"	"AF3-4"	"weaner"	4	0	0	0	0	0	0	0	0	0	0	0	0	0	0	0	0	1	1	1	1	0	0	0	0	0	1	0	0	0	0	1	0	0	0	1	1	1	0	0	2	0	0	0	0	0	0	1	0	0	0	1	1	0	1	1	1	1	1	1	0	0	0	0	1	1	0	1	1	1	0	0	1	1	1	1	1	1	0	0	0	0	0	0	0	0	0	0	0	1	1	1	1	1	0	1	0	0	0	0	0	0	1	0	0	0	1	0	0	0	1	0	0	0	0	1	0	0	0	0	0	0	0	0	0	0	0	0	1	0
"Res13-Croi-PEA22-35"	"CPEA2235"	"chromosome"	"Escherichia coli"	"ND"	"eae;hlyAEc;O145;uidA"	1034		"D"	"feces"	"P"	"AF3"	"AF3-4"	"grower"	5	0	0	0	0	0	0	0	0	0	0	0	0	0	0	0	0	1	1	1	1	0	0	0	0	0	1	0	0	0	0	1	0	0	0	1	1	1	0	0	2	0	0	0	0	0	0	1	0	0	0	1	1	0	1	1	1	1	1	1	0	0	0	0	1	1	0	1	1	1	0	0	1	1	1	1	1	1	0	0	0	0	0	0	0	0	0	0	0	1	1	1	1	1	0	1	0	0	0	0	0	0	1	0	0	0	1	0	0	0	1	0	0	0	0	1	0	0	0	0	0	0	0	0	0	0	0	0	1	0
"Res13-Lact-EA28-13"	"LEA2813"	"chromosome"	"Escherichia coli"	"O8 (99.75):H30 (99.94)"	"uidA"	58	30340	"B1"	"feces"	"K"	"AF3"	"AF3-4"	"sow"	1	0	0	0	0	0	0	0	0	0	0	0	0	0	0	1	1	1	1	1	1	1	0	0	0	0	1	0	0	0	0	1	1	0	0	1	1	1	0	0	1	0	0	0	0	0	0	1	0	0	0	1	1	1	1	1	1	1	1	1	0	0	1	0	1	1	0	1	1	0	0	0	1	1	1	1	1	1	0	0	0	0	0	0	0	0	0	0	0	1	1	1	1	1	0	1	0	0	0	0	0	0	1	0	0	1	1	0	0	0	0	0	0	0	0	0	0	0	0	0	0	0	0	0	0	0	0	0	0	0
"Res13-Lact-PER04-33"	"LPER0433"	"chromosome"	"Escherichia coli"	"O-untypeable:H4 (100.0)"	"uidA"	761	"new"	"A"	"feces"	"E"	"AF2"	"AF2-1"	"suckler"	2	1	0	0	0	0	0	0	0	0	1	0	0	0	0	1	1	1	1	1	1	0	0	0	0	0	1	0	0	0	0	1	0	0	0	1	1	1	0	0	1	0	0	0	0	0	0	1	0	0	0	1	1	1	0	1	1	1	1	1	0	0	1	1	1	1	0	1	1	0	0	0	1	1	1	1	1	1	1	0	0	0	0	0	0	0	0	0	0	1	1	1	1	1	0	1	0	1	0	0	0	1	2	0	0	0	1	0	0	0	1	0	1	0	0	1	0	0	0	0	0	0	0	0	0	0	0	0	1	0
"Res13-Fini-PEB04-37"	"NA"	"chromosome"	"Escherichia coli"	"O-untypeable:H21 (98.64)"	"uidA"	616	1608	"B1"	"feces"	"C"	"AF1"	"AF1-1"	"finisher"	2	0	0	0	0	0	0	0	0	0	1	0	0	0	0	1	1	1	1	1	1	0	0	0	0	1	1	0	0	0	0	1	0	0	0	1	1	1	0	0	1	0	0	0	0	0	0	1	0	0	0	1	1	1	1	1	1	1	1	1	0	0	1	0	1	1	0	1	1	0	0	1	1	1	1	1	1	1	0	0	0	0	0	0	0	0	0	0	0	1	1	1	1	1	0	1	0	0	0	0	0	1	1	0	0	0	1	0	0	0	0	0	0	0	0	0	0	0	0	0	0	0	1	0	0	0	0	1	0	0
"Res13-Lact-LER2-35-B"	"NA"	"chromosome"	"Citrobacter sp."	"ND"	"ND"	"new"	"new"		"manure"	"F"	"AF2"	"AF2-2"	"sow"	"NA"	0	0	0	0	0	0	0	0	0	0	0	0	0	0	0	0	0	1	0	0	0	0	1	0	0	1	0	0	0	0	1	0	0	1	0	0	1	0	0	2	0	0	0	0	0	0	0	0	0	0	1	1	0	0	1	1	0	0	0	0	0	1	1	1	0	0	1	0	0	1	0	0	0	1	0	1	0	0	0	0	0	0	0	0	0	0	0	0	1	0	0	0	0	0	1	0	0	0	0	0	0	0	0	0	0	0	0	0	0	0	0	0	0	0	0	0	0	0	0	0	0	0	0	0	0	0	0	0	0
"Res13-Sevr-PEC09-46"	"NA"	"chromosome"	"Enterobacter sp."	"ND"	"ND"				"feces"	"R"	"CV"	"CV-2"	"weaner"	4	0	0	0	0	1	0	0	0	0	0	0	0	0	0	0	0	0	1	0	0	0	0	0	0	0	0	0	0	0	0	1	0	0	1	0	0	1	0	0	2	0	0	1	0	0	0	0	0	0	0	0	1	0	0	1	0	0	0	0	0	0	1	1	1	0	0	0	0	0	0	0	0	0	1	0	1	0	0	0	0	0	0	0	0	0	0	0	0	1	0	0	0	0	1	1	1	0	0	0	0	0	0	0	0	0	1	0	0	0	0	0	0	0	0	0	0	0	0	0	0	0	0	0	0	0	0	0	0	0
"Res13-Lact-PEB04-01"	"NA"	"chromosome"	"Escherichia coli"	"O-untypeable:H4 (100.0)"	"uidA"	117	1658	"G"	"feces"	"A"	"AF1"	"AF1-1"	"suckler"	4	0	0	0	0	0	0	0	0	0	0	0	0	0	0	1	1	1	1	1	1	0	0	0	0	0	1	0	0	0	0	1	0	0	0	1	1	1	0	1	1	0	0	0	0	0	0	0	0	0	0	1	1	0	1	1	1	1	1	1	0	0	1	1	1	1	0	1	1	1	0	0	1	1	1	1	1	1	0	0	0	0	0	0	0	0	0	0	0	1	1	1	1	1	0	1	0	1	0	0	0	0	0	0	0	0	1	0	0	0	0	0	0	0	1	0	0	0	0	0	0	0	0	0	0	0	0	0	0	0
"Res13-Lact-PER08-34"	"LPER0834"	"chromosome"	"Escherichia coli"	"O112ab (99.15):H8 (100.0)"	"uidA"	75	"new"	"B1"	"feces"	"F"	"AF2"	"AF2-2"	"suckler"	4	0	0	0	0	0	0	0	0	0	0	0	0	0	0	1	1	1	1	1	1	0	0	0	0	0	1	0	0	0	0	1	0	0	0	1	1	1	0	0	2	0	1	0	0	0	0	1	0	0	0	1	1	1	1	1	1	1	1	1	0	0	1	1	1	1	0	1	1	0	0	0	1	1	1	1	1	1	0	0	0	0	0	0	0	0	0	0	0	1	1	1	1	1	0	1	0	1	0	0	0	0	1	0	0	0	1	0	0	0	1	0	0	0	0	1	0	0	0	0	0	0	0	0	0	0	0	0	1	0
"Res13-Abat-PEC15-P4-01"	"NA"	"chromosome"	"Acinetobacter sp."	"ND"	"ND"	"new"	"new"		"swab"	"U"	"CV"	"CV-2"	"carcass"	"NA"	0	0	0	0	0	0	0	0	0	0	0	0	0	0	0	0	0	0	0	0	0	0	0	0	0	0	0	1	0	0	0	0	0	0	0	0	0	0	0	0	0	0	0	0	0	0	0	0	0	0	0	0	0	0	0	0	0	0	0	0	0	0	0	0	0	0	0	0	0	0	0	0	0	0	0	0	0	0	0	0	0	0	0	0	0	0	0	0	0	0	0	0	0	0	0	0	0	0	0	0	0	0	0	0	0	0	0	0	0	0	0	0	0	0	0	0	0	0	0	0	0	0	0	0	0	0	0	0	0
"Res13-Fini-PEA20-25"	"FPEA2025"	"chromosome"	"Escherichia coli"	"O8 (99.59):H19 (100.0)"	"uidA"	88	2087	"C"	"feces"	"P"	"AF3"	"AF3-3"	"finisher"	4	0	0	0	0	0	0	0	0	0	0	0	0	0	0	1	1	1	1	1	1	0	0	0	0	0	1	0	0	0	0	1	0	0	0	1	1	1	0	0	0	0	0	0	0	0	0	1	0	0	0	1	1	1	1	1	2	1	1	1	0	0	0	0	1	1	0	1	1	0	0	0	1	1	1	1	1	1	0	0	0	0	0	0	0	0	0	0	0	1	1	1	1	1	0	1	0	1	0	0	0	0	1	0	0	0	1	0	0	0	1	0	0	0	0	1	0	0	0	0	0	0	0	0	0	0	0	0	1	0
"Res13-Fini-PEC01-29"	"FPEC0129"	"chromosome"	"Escherichia coli"	"O24 (100.0):H4 (100.0)"	"uidA"	117	14771	"G"	"feces"	"S"	"CV"	"CV-1"	"finisher"	4	0	0	0	0	0	0	0	0	0	0	0	0	1	0	1	1	1	1	1	1	1	0	0	0	0	1	0	0	0	0	1	1	0	0	1	1	1	0	1	1	0	0	0	0	0	0	0	0	0	0	1	1	1	1	1	1	1	1	1	0	0	1	0	1	1	0	1	1	1	0	0	1	1	1	1	1	1	0	0	0	0	0	0	0	0	0	0	0	1	1	1	1	1	0	1	0	1	0	0	0	1	1	0	1	0	1	0	0	0	0	0	0	0	0	0	0	0	1	0	0	0	0	0	0	0	0	0	0	0
"Res13-Abat-PEA24-P1-02"	"NA"	"chromosome"	"Enterobacter cloacae"	"ND"	"ND"				"swab"	"U"	"AF3"	"AF3-4"	"carcass"	"NA"	0	0	0	0	0	0	0	0	0	0	0	0	0	0	1	1	0	1	0	0	0	0	0	0	0	0	1	0	0	0	1	0	0	1	0	0	1	0	0	1	0	0	1	0	0	0	0	0	0	0	0	1	0	0	1	0	0	0	0	0	0	0	0	1	0	0	0	0	0	0	0	0	0	1	0	1	0	0	0	0	0	0	0	0	0	0	0	0	1	0	0	0	0	1	1	1	0	0	0	0	0	0	0	0	0	1	0	0	0	0	0	0	0	0	0	0	0	0	0	0	0	0	0	0	0	0	0	0	0
"Res13-Croi-PEC10-02"	"NA"	"chromosome"	"Escherichia coli"	"O45 (100.0):H9 (100.0)"	"O45;uidA"	641	15606	"B1"	"feces"	"T"	"CV"	"CV-2"	"grower"	5	0	0	0	0	0	0	0	0	0	0	0	0	0	0	0	0	1	1	1	1	0	0	0	0	0	1	0	0	0	0	1	1	0	0	1	1	1	0	0	2	0	0	0	0	0	0	1	0	0	0	1	1	1	1	1	1	1	1	1	0	0	1	0	1	1	0	1	1	1	0	0	1	1	1	1	1	1	0	0	0	0	0	0	0	0	0	0	0	1	1	1	1	1	0	1	0	0	0	1	0	0	0	1	0	0	1	0	0	0	0	0	0	0	0	0	0	0	0	0	0	0	0	0	0	0	0	0	0	0
"Res13-Lact-EB13-22"	"LEB1322"	"chromosome"	"Escherichia coli"	"O82 (99.84):H31 (100.0)"	"uidA"	1252	33431	"B1"	"feces"	"B"	"AF1"	"AF1-2"	"sow"	1	0	0	0	0	0	0	0	0	0	0	0	0	0	0	0	0	1	1	1	1	0	0	0	0	0	1	0	0	0	0	1	0	0	0	1	1	1	0	0	1	0	0	0	0	0	0	1	0	0	0	1	1	1	1	1	1	1	1	1	0	0	0	0	1	1	0	1	1	1	0	0	1	1	1	1	1	1	0	0	0	0	0	0	0	0	0	0	0	1	1	1	1	1	0	1	0	0	0	0	0	0	1	0	0	0	1	0	0	0	1	0	0	0	0	1	0	0	0	0	0	0	0	0	0	0	0	0	1	0
"Res13-Lact-PER01-40"	"LPER0140"	"chromosome"	"Escherichia coli"	"O-untypeable:H4 (100.0)"	"uidA"	761	"new"	"A"	"feces"	"E"	"AF2"	"AF2-1"	"suckler"	4	1	0	0	0	0	0	0	0	0	0	1	0	0	0	1	1	1	1	1	1	0	0	0	0	0	1	0	0	0	0	1	0	0	0	1	1	1	0	0	0	0	0	0	0	0	0	1	0	0	0	1	1	1	0	1	1	1	1	1	0	0	1	1	1	1	0	1	1	0	0	0	1	1	1	1	1	1	1	0	0	0	0	0	0	0	0	0	0	1	1	1	1	1	0	1	0	1	0	0	0	1	2	0	0	0	1	0	0	0	1	0	1	0	0	1	0	0	0	0	0	0	0	0	0	0	0	0	1	0
"Res13-Lact-PEA23-13"	"LPEA2313"	"chromosome"	"Escherichia coli"	"O8 (99.75):H30 (99.94)"	"uidA"	58	30340	"B1"	"feces"	"K"	"AF3"	"AF3-4"	"suckler"	5	0	0	0	0	0	0	0	0	0	0	0	0	0	0	1	1	1	1	1	1	1	0	0	0	0	1	0	0	0	0	1	1	0	0	1	1	1	0	0	1	0	0	0	0	0	0	1	0	0	0	1	1	1	1	1	1	1	1	1	0	0	1	0	1	1	0	1	1	0	0	0	1	1	1	1	1	1	0	0	0	0	0	0	0	0	0	0	0	1	1	1	1	1	0	1	0	0	0	0	0	0	1	0	0	1	1	0	0	0	0	0	0	0	0	0	0	0	0	0	0	0	0	0	0	0	0	0	0	0
"Res13-Lact-EA17-20"	"LEA1720"	"chromosome"	"Escherichia coli"	"O-untypeable:H4 (100.0)"	"uidA"	117	1658	"G"	"feces"	"K"	"AF3"	"AF3-3"	"sow"	1	0	0	0	0	0	0	0	0	0	0	0	0	0	0	1	1	1	1	1	1	0	0	0	0	0	1	0	0	0	0	1	0	0	0	1	1	1	0	1	1	0	0	0	0	0	0	0	0	0	0	1	1	0	1	1	1	1	1	1	0	0	1	1	1	1	0	1	1	1	0	0	1	1	1	1	1	1	0	0	0	0	0	0	0	0	0	0	0	1	1	1	1	1	0	1	0	1	0	0	0	0	0	0	0	0	1	0	0	0	0	0	0	1	0	0	0	0	0	0	0	0	0	0	0	0	0	0	0	0
"Res13-Lact-PER02-33"	"LPER0233"	"chromosome"	"Escherichia coli"	"O-untypeable:H4 (100.0)"	"uidA"	761	"new"	"A"	"feces"	"E"	"AF2"	"AF2-1"	"suckler"	4	1	0	0	0	0	0	0	0	0	0	1	0	0	0	1	1	1	1	1	1	0	0	0	0	0	1	0	0	0	0	1	0	0	0	1	1	1	0	0	2	0	0	0	0	0	0	1	0	0	0	1	1	1	0	1	1	1	1	1	0	0	1	1	1	1	0	1	1	0	0	0	1	1	1	1	1	1	1	0	0	0	0	0	0	0	0	0	0	1	1	1	1	1	0	1	0	1	0	0	0	1	2	0	0	0	1	0	0	0	1	0	1	0	0	1	0	0	0	0	0	0	0	0	0	0	0	0	1	0
"Res13-Lact-LEB1-11-B"	"NA"	"plasmid_476"	"Escherichia coli"	"O82 (99.84):H31 (100.0)"	"uidA"	1252	33431	"B1"	"manure"	"A"	"AF1"	"AF1-1"	"sow"	"NA"	0	0	0	0	0	0	0	0	0	0	0	0	0	0	0	0	0	0	0	0	0	0	0	0	0	0	0	0	0	0	0	0	0	0	0	0	0	0	0	0	0	0	0	0	0	0	0	0	0	0	0	0	0	0	0	0	0	0	0	0	0	0	0	0	0	0	0	0	0	0	0	0	0	0	0	0	0	0	0	0	0	0	0	0	0	0	0	0	0	0	0	0	0	0	0	0	0	0	0	0	0	1	0	0	0	0	0	0	0	1	0	0	0	0	1	0	0	0	0	0	0	0	0	0	0	0	0	1	0
"Res13-Lact-EA06-30"	"LEA0630"	"chromosome"	"Escherichia coli"	"O8 (99.59):H19 (100.0)"	"uidA"	88	2087	"C"	"feces"	"J"	"AF3"	"AF3-1"	"sow"	1	0	0	0	0	0	0	0	0	0	0	0	0	0	0	1	1	1	1	1	1	0	0	0	0	0	1	0	0	0	0	1	0	0	0	1	1	1	0	0	0	0	0	0	0	0	0	1	0	0	0	1	1	1	1	1	2	1	1	1	0	0	0	0	1	1	0	1	1	0	0	0	1	1	1	1	1	1	0	0	0	0	0	0	0	0	0	0	0	1	1	1	1	1	0	1	0	1	0	0	0	0	1	0	0	0	1	0	0	0	1	0	0	0	0	1	0	0	0	0	0	0	0	0	0	0	0	0	1	0
"Res13-Lact-EC12-13"	"LEC1213"	"chromosome"	"Escherichia coli"	"O137 (99.67):H41 (98.69)"	"uidA"	3018	15674	"E"	"feces"	"S"	"CV"	"CV-2"	"sow"	1	0	0	0	0	0	0	0	0	0	0	0	0	0	0	1	1	1	1	1	1	1	0	0	0	0	1	0	0	0	0	1	1	0	1	1	1	1	0	0	1	0	0	0	0	0	0	1	0	0	0	1	1	1	1	1	1	1	1	1	0	2	0	0	1	1	0	1	1	0	0	0	1	1	1	1	1	1	0	0	0	0	0	0	0	0	0	0	0	1	1	1	1	1	0	1	0	2	0	0	0	0	1	1	0	1	1	0	0	0	0	0	0	0	0	0	0	0	0	0	0	0	0	0	0	0	0	0	0	0
"Res13-Lact-PER01-36"	"LPER0136"	"chromosome"	"Escherichia coli"	"O-untypeable:H4 (100.0)"	"uidA"	761	"new"	"A"	"feces"	"E"	"AF2"	"AF2-1"	"suckler"	4	1	0	0	0	0	0	0	0	0	0	1	0	0	0	1	1	1	1	1	1	0	0	0	0	0	1	0	0	0	0	1	0	0	0	1	1	1	0	0	1	0	0	0	0	0	0	1	0	0	0	1	1	1	0	1	1	1	1	1	0	0	1	1	1	1	0	1	1	0	0	0	1	1	1	1	1	1	1	0	0	0	0	0	0	0	0	0	0	1	1	1	1	1	0	1	0	1	0	0	0	1	2	0	0	0	1	0	0	0	1	0	1	0	0	1	0	0	0	0	0	0	0	0	0	0	0	0	1	0
"Res13-Lact-LEB3-09"	"LLEB309"	"chromosome"	"Escherichia coli"	"O86 (100.0):H-untypeable"	"uidA"	101	1589	"B1"	"manure"	"A"	"AF1"	"AF1-3"	"sow"	"NA"	0	0	0	0	0	0	0	0	0	0	0	0	0	0	0	0	1	1	1	1	0	0	0	0	0	1	0	0	0	0	1	1	0	0	1	1	1	0	0	1	0	0	0	0	0	0	1	0	0	0	1	1	1	1	1	1	1	1	1	0	0	1	1	1	1	0	1	1	1	0	0	1	1	1	1	1	1	0	0	0	0	0	0	0	0	0	0	0	1	1	1	1	1	0	1	0	1	0	0	0	0	1	0	0	0	1	0	0	0	1	0	0	0	0	1	0	0	0	0	0	0	0	0	0	0	0	0	1	0
"Res13-Lact-PEA20-36"	"LPEA2036"	"chromosome"	"Escherichia coli"	"O21 (99.92):H21 (98.64)"	"uidA"	56	14734	"B1"	"feces"	"K"	"AF3"	"AF3-3"	"suckler"	5	0	0	0	0	0	0	0	0	0	0	0	0	0	0	0	0	1	1	1	1	0	0	0	0	0	1	0	0	0	0	1	0	0	0	1	1	1	0	0	1	0	0	0	0	0	0	1	0	0	0	1	1	1	1	1	1	1	1	1	0	0	0	0	1	1	0	1	1	1	0	0	1	1	1	1	1	1	0	0	0	0	0	0	0	0	0	0	0	1	1	1	1	1	0	1	0	1	0	0	0	0	1	0	0	0	1	0	0	0	1	0	0	0	0	1	0	0	0	0	0	0	0	0	0	0	0	0	1	0
"Res13-Lact-LEB3-12"	"LLEB312"	"chromosome"	"Escherichia coli"	"O20 (100.0):H12 (99.78)"	"uidA"	88	15305	"C"	"manure"	"A"	"AF1"	"AF1-3"	"sow"	"NA"	0	0	0	0	0	0	0	0	0	0	0	0	0	0	1	1	1	1	1	1	1	0	0	0	0	1	0	0	0	0	1	1	0	0	1	1	1	0	0	2	0	0	0	0	0	0	1	0	0	0	1	1	1	1	1	1	1	1	1	0	0	0	0	1	1	0	1	1	0	0	0	1	1	1	1	1	1	0	0	0	0	0	0	0	0	0	0	0	1	1	1	1	1	0	1	0	1	0	0	0	0	1	0	0	1	1	0	0	0	0	0	0	0	0	0	0	0	0	0	0	0	0	0	0	0	0	0	0	0
"Res13-Lact-PER12-33-A"	"NA"	"chromosome"	"Escherichia coli"	"O-untypeable:H4 (100.0)"	"uidA"	761	"new"	"A"	"feces"	"F"	"AF2"	"AF2-2"	"suckler"	4	1	0	0	0	0	0	0	0	0	1	0	0	0	0	1	1	1	1	1	1	0	0	0	0	0	1	0	0	0	0	1	0	0	0	1	1	1	0	0	0	0	0	0	0	0	0	1	0	0	0	1	1	1	0	1	1	1	1	1	0	0	1	1	1	1	0	1	1	0	0	0	1	1	1	1	1	1	1	0	0	0	0	0	0	0	0	0	0	1	1	1	1	1	0	1	0	1	0	0	0	1	1	0	0	0	1	0	0	0	1	0	1	0	0	1	0	0	0	0	0	0	0	0	0	0	0	0	1	0
"Res13-Lact-PEC07-11"	"LPEC0711"	"chromosome"	"Escherichia coli"	"O-untypeable:H4 (100.0)"	"uidA"	117	1658	"G"	"feces"	"S"	"CV"	"CV-1"	"suckler"	5	0	0	0	0	0	0	0	0	0	0	0	0	0	0	1	1	1	1	1	1	1	0	0	0	0	1	0	0	0	0	1	0	0	0	1	1	1	0	1	1	0	0	0	0	0	0	0	0	0	0	1	1	0	1	1	1	1	1	1	0	0	1	1	1	1	0	1	1	1	0	0	1	1	1	1	1	1	0	0	0	0	0	0	0	0	0	0	0	1	1	1	1	1	0	1	0	1	0	0	0	0	0	0	0	0	1	0	0	0	0	0	0	0	0	0	0	0	0	0	0	0	0	0	0	0	0	0	0	0
"Res13-Lact-EA17-04"	"LEA1704"	"chromosome"	"Escherichia coli"	"O-untypeable:H5 (99.77)"	"uidA"	77	14835	"A"	"feces"	"K"	"AF3"	"AF3-3"	"sow"	1	0	0	0	0	0	0	0	0	0	0	1	0	0	0	0	0	1	1	1	1	1	0	0	0	0	1	0	0	0	0	1	0	0	0	1	1	1	0	0	1	0	0	0	0	0	0	1	0	0	0	1	1	1	1	1	1	1	1	1	1	0	1	0	1	1	0	1	1	0	0	0	1	1	1	1	1	1	0	0	0	0	0	0	0	0	0	0	0	1	1	1	1	1	0	1	0	0	0	0	0	0	0	0	0	0	1	1	0	0	0	0	0	0	0	0	0	0	0	0	1	0	0	0	1	1	0	0	0	0
"Res13-Lact-EB05-01"	"NA"	"chromosome"	"Escherichia coli"	"O126 (99.53):H25 (100.0)"	"uidA"	58	1601	"B1"	"feces"	"A"	"AF1"	"AF1-1"	"sow"	1	0	0	0	0	0	0	0	0	0	0	0	0	0	0	0	0	1	1	1	1	0	0	0	0	0	1	0	0	0	0	1	0	0	0	1	1	1	0	0	1	0	0	0	0	0	0	1	0	0	0	1	1	0	1	1	1	1	1	1	0	0	1	0	1	1	0	1	1	1	0	0	1	1	1	1	1	1	0	0	0	0	0	0	0	0	0	0	0	1	1	1	1	1	0	1	0	0	0	0	0	0	1	0	0	0	1	0	0	0	1	0	0	0	0	1	0	0	0	0	0	0	0	0	0	0	0	0	1	0
"Res13-Sevr-PEB21-01"	"SPEB2101"	"chromosome"	"Escherichia coli"	"O9 (98.69):H10 (100.0)"	"uidA"	46		"A"	"feces"	"D"	"AF1"	"AF1-3"	"weaner"	3	0	0	0	0	0	0	0	0	0	0	0	0	0	0	0	0	1	1	1	1	0	0	0	0	1	1	0	0	0	0	1	0	0	0	1	1	1	0	0	0	0	0	0	0	0	0	1	0	0	0	1	1	1	1	1	1	1	1	1	0	0	0	0	1	1	0	1	1	0	0	1	1	1	1	1	1	1	0	0	0	0	0	0	0	0	0	0	0	1	1	1	1	1	0	1	0	0	0	0	0	0	0	0	0	0	1	0	0	0	0	0	0	0	0	0	0	0	0	0	0	0	0	0	0	0	0	0	0	0
"Res13-Abat-PEC15-P5-02"	"NA"	"chromosome"	"Acinetobacter sp."	"ND"	"ND"		"new"		"swab"	"U"	"CV"	"CV-2"	"carcass"	"NA"	0	0	0	0	0	0	0	0	0	0	0	0	0	0	0	0	0	0	0	0	0	0	0	0	0	0	0	1	0	0	0	0	0	0	0	0	0	0	0	0	0	0	0	0	0	0	0	0	0	0	0	0	0	0	0	0	0	0	0	0	0	0	0	0	0	0	0	0	0	0	0	0	0	0	0	0	0	0	0	0	0	0	0	0	0	0	0	0	0	0	0	0	0	0	0	0	0	0	0	0	0	0	0	0	0	0	0	0	0	0	0	0	0	0	0	0	0	0	0	0	0	0	0	0	0	0	0	0	0
"Res13-Abat-EA3-S5-02-A"	"NA"	"chromosome"	"Acinetobacter baumannii"	"ND"	"ND"		"new"		"swab"	"U"	"AF3"	"AF3-3"	"carcass"	"NA"	0	0	0	0	0	0	1	0	1	0	0	0	0	0	0	0	0	0	0	0	0	0	0	0	0	0	0	0	0	1	0	0	0	0	0	0	0	0	0	0	0	0	0	0	0	0	0	1	1	1	0	0	0	0	0	0	0	0	0	0	0	0	0	0	0	1	0	0	0	0	0	0	0	0	0	0	0	0	0	0	1	1	1	1	1	1	0	0	0	0	0	0	0	0	0	0	0	1	0	0	0	0	0	0	0	0	0	0	0	0	0	0	0	0	0	0	0	0	0	0	0	0	0	0	0	0	0	0	0
"Res13-Sevr-LER2-34"	"SLER234"	"chromosome"	"Providencia rettgeri"	"ND"	"ND"	"new"	"new"		"manure"	"H"	"AF2"	"AF2-2"	"weaner"	"NA"	0	0	0	0	0	0	0	1	0	0	0	0	0	0	0	0	0	0	0	0	0	0	0	0	0	0	0	0	0	0	1	0	0	0	0	0	0	0	0	1	0	0	0	0	0	0	0	0	0	0	0	0	0	0	0	0	0	0	0	0	0	1	0	0	0	0	0	0	0	0	0	0	0	1	0	0	0	0	0	0	0	0	0	0	0	0	0	0	0	0	0	0	0	0	0	0	0	0	0	1	1	1	0	0	0	0	0	0	0	0	0	1	0	0	0	1	0	0	0	0	0	0	0	0	0	0	0	0	0
"Res13-Abat-PEB01-P1-04-A"	"NA"	"chromosome"	"Raoultella ornithinolytica"	"ND"	"ND"	"ND"	"ND"		"swab"	"U"	"AF1"	"AF1-1"	"carcass"	"NA"	0	0	0	0	0	0	0	0	0	0	0	0	0	0	0	0	0	1	0	0	0	0	0	0	0	0	0	0	0	0	1	0	0	1	0	0	1	0	0	2	0	1	0	0	0	0	0	0	0	0	0	1	0	0	1	0	0	0	0	0	0	0	0	1	0	0	0	0	0	0	0	0	0	1	0	1	0	0	0	0	0	0	0	0	0	0	0	0	1	0	0	0	0	0	1	0	0	0	0	0	0	0	0	0	0	0	0	0	0	0	0	0	0	0	0	0	0	0	0	0	0	0	0	0	0	0	0	0	0
"Res13-Lact-EA23-13"	"LEA2313"	"chromosome"	"Escherichia coli"	"O8 (99.75):H30 (99.94)"	"uidA"	58	30340	"B1"	"feces"	"K"	"AF3"	"AF3-4"	"sow"	1	0	0	0	0	0	0	0	0	0	0	0	0	0	0	1	1	1	1	1	1	1	0	0	0	0	1	0	0	0	0	1	1	0	0	1	1	1	0	0	1	0	0	0	0	0	0	1	0	0	0	1	1	1	1	1	1	1	1	1	0	0	1	0	1	1	0	1	1	0	0	0	1	1	1	1	1	1	0	0	0	0	0	0	0	0	0	0	0	1	1	1	1	1	0	1	0	0	0	0	0	0	1	0	0	1	1	0	0	0	0	0	0	0	0	0	0	0	0	0	0	0	0	0	0	0	0	0	0	0
"Res13-Lact-EA18-31"	"LEA1831"	"chromosome"	"Escherichia coli"	"O21 (99.92):H21 (98.64)"	"uidA"	56	14734	"B1"	"feces"	"K"	"AF3"	"AF3-3"	"sow"	1	0	0	0	0	0	0	0	0	0	0	0	0	0	0	0	0	1	1	1	1	0	0	0	0	0	1	0	0	0	0	1	0	0	0	1	1	1	0	0	1	0	0	0	0	0	0	1	0	0	0	1	1	1	1	1	1	1	1	1	0	0	0	0	1	1	0	1	1	1	0	0	1	1	1	1	1	1	0	0	0	0	0	0	0	0	0	0	0	1	1	1	1	1	0	1	0	1	0	0	0	0	1	0	0	0	1	0	0	0	1	0	0	0	0	1	0	0	0	0	0	0	0	0	0	0	0	0	1	0
"Res13-Lact-PEA13-10"	"LPEA1310"	"chromosome"	"Escherichia coli"	"O118/O151;O151 (100.0):H25 (100.0)"	"uidA"	1684	38759	"A"	"feces"	"K"	"AF3"	"AF3-2"	"suckler"	5	0	0	0	0	0	0	0	0	0	0	0	0	0	0	0	0	1	1	1	1	0	0	0	0	0	1	0	0	0	0	1	0	0	0	1	1	1	0	0	1	0	0	0	0	0	0	1	0	0	0	1	1	1	1	1	1	1	1	1	0	0	1	0	1	1	0	1	1	1	0	0	1	1	1	1	1	1	0	0	0	0	0	0	0	0	0	0	0	1	1	1	1	1	0	1	0	0	0	0	0	0	1	0	0	0	1	0	0	0	1	0	0	0	0	1	0	0	0	0	0	0	0	0	0	0	0	0	0	0
"Res13-Lact-PEC03-10"	"NA"	"chromosome"	"Citrobacter freundii"	"ND"	"ND"		79425		"feces"	"S"	"CV"	"CV-1"	"suckler"	5	0	0	0	0	0	0	0	0	0	0	0	0	0	0	0	0	0	1	0	0	0	1	0	0	0	1	0	0	0	0	1	0	0	1	0	0	1	0	0	1	0	0	0	0	0	0	0	0	0	0	1	1	0	0	1	1	0	0	0	0	0	1	1	1	0	0	1	0	0	0	0	0	0	1	0	1	0	0	0	0	0	0	0	0	0	0	0	0	1	0	0	0	0	0	1	0	0	0	0	0	0	0	0	0	0	0	0	0	0	0	0	0	0	0	0	0	0	0	0	0	0	0	0	0	0	0	0	0	0
"Res13-Sevr-PEA24-03"	"SPEA2403"	"chromosome"	"Escherichia coli"	"ND"	"eae;hlyAEc;O145;uidA"	1034	"new"	"D"	"feces"	"N"	"AF3"	"AF3-4"	"weaner"	4	0	0	0	0	0	0	0	0	0	0	0	0	0	0	0	0	1	1	1	1	0	0	0	0	0	1	0	0	0	0	1	0	0	0	1	1	1	0	0	2	0	0	0	0	0	0	1	0	0	0	1	1	0	1	1	1	1	1	1	0	0	0	0	1	1	0	1	1	1	0	0	1	1	1	1	1	1	0	0	0	0	0	0	0	0	0	0	0	1	1	1	1	1	0	1	0	0	0	0	0	0	1	0	0	0	1	0	0	0	1	0	0	0	0	1	0	0	0	0	0	0	0	0	0	0	0	0	1	0
"Res13-Sevr-PER07-33"	"SPER0733"	"chromosome"	"Escherichia coli"	"O169/O183 (99.72):H9 (98.41)"	"uidA"	543	"new"	"E"	"feces"	"G"	"AF2"	"AF2-1"	"weaner"	5	0	0	0	0	0	0	0	0	0	0	0	0	0	0	0	0	1	1	1	1	0	0	0	0	0	1	0	0	0	0	1	0	0	0	1	1	1	0	0	1	0	0	0	0	0	0	1	0	0	0	1	1	0	1	1	1	1	1	1	0	0	0	0	1	1	0	1	1	0	0	0	1	1	1	1	1	1	1	0	0	0	0	0	0	0	0	0	0	1	1	1	1	1	0	1	0	0	0	0	0	0	1	0	0	0	1	0	0	0	1	0	0	0	0	1	0	0	0	0	0	0	0	0	0	0	0	0	1	0
"Res13-Lact-PEB17-37-A"	"NA"	"chromosome"	"Escherichia fergusonii"	"O9 (98.69):H10 (100.0)"	"uidA"	46	"new"	"A"	"feces"	"A"	"AF1"	"AF1-3"	"suckler"	5	0	0	0	0	0	0	0	0	0	0	0	0	0	0	0	0	1	1	1	1	0	0	0	0	1	1	0	0	0	0	1	0	0	0	1	1	1	0	0	1	0	0	0	0	0	0	1	0	0	0	1	1	1	1	1	1	1	1	1	0	0	0	0	1	1	0	1	1	0	0	1	1	1	1	1	1	1	0	0	0	0	0	0	0	0	0	0	0	1	1	1	1	1	0	1	0	0	0	0	0	0	0	0	0	0	1	0	0	0	0	0	0	0	0	0	0	0	0	0	0	0	0	0	0	0	0	0	0	0
"Res13-Abat-PEA28-P5-02-A"	"NA"	"chromosome"	"Acinetobacter baumannii"	"ND"	"ND"		"new"		"swab"	"U"	"AF3"	"AF3-4"	"carcass"	"NA"	0	0	0	0	0	0	1	0	1	0	0	0	0	0	0	0	0	0	0	0	0	0	0	0	0	0	0	0	1	0	0	0	0	0	0	0	0	0	0	0	0	0	0	0	0	0	0	1	1	1	0	0	0	0	0	0	0	0	0	0	0	0	0	0	0	1	0	0	0	0	0	0	0	0	0	0	0	0	1	1	1	1	1	1	1	1	1	1	0	0	0	0	0	0	0	0	0	1	0	0	0	0	0	0	0	0	0	0	0	0	0	0	0	0	0	0	0	0	0	0	0	0	0	0	0	0	0	0	0
"Res13-Lact-EB06-25"	"NA"	"chromosome"	"Escherichia coli"	"O86 (100.0):H-untypeable"	"uidA"	101	1589	"B1"	"feces"	"A"	"AF1"	"AF1-1"	"sow"	1	0	0	0	0	0	0	0	0	0	0	0	0	0	0	0	0	1	1	1	1	0	0	0	0	0	1	0	0	0	0	1	1	0	0	1	1	1	0	0	1	0	0	0	0	0	0	1	0	0	0	1	1	1	1	1	1	1	1	1	0	0	1	1	1	1	0	1	1	1	0	0	1	1	1	1	1	1	0	0	0	0	0	0	0	0	0	0	0	1	1	1	1	1	0	1	0	1	0	0	0	0	1	0	0	0	1	0	0	0	1	0	0	0	0	1	0	0	0	0	0	0	0	0	0	0	0	0	1	0
"Res13-Lact-EB12-33"	"LEB1233"	"chromosome"	"Escherichia coli"	"O82 (99.84):H31 (100.0)"	"uidA"	1252	33431	"B1"	"feces"	"B"	"AF1"	"AF1-2"	"sow"	1	0	0	0	0	0	0	0	0	0	0	0	0	0	0	0	0	1	1	1	1	0	0	0	0	0	1	0	0	0	0	1	0	0	0	1	1	1	0	0	1	0	0	0	0	0	0	1	0	0	0	1	1	1	1	1	1	1	1	1	0	0	0	0	1	1	0	1	1	1	0	0	1	1	1	1	1	1	0	0	0	0	0	0	0	0	0	0	0	1	1	1	1	1	0	1	0	0	0	0	0	0	1	0	0	0	1	0	0	0	1	0	0	0	0	1	0	0	0	0	0	0	0	0	0	0	0	0	1	0
"Res13-Lact-LEB1-11-b"	"LLEB111b"	"chromosome"	"Escherichia coli"	"O82 (99.84):H31 (100.0)"	"uidA"	1252	33431	"B1"	"manure"	"A"	"AF1"	"AF1-1"	"sow"	"NA"	0	0	0	0	0	0	0	0	0	0	0	0	0	0	0	0	1	1	1	1	0	0	0	0	0	1	0	0	0	0	1	0	0	0	1	1	1	0	0	1	0	0	0	0	0	0	1	0	0	0	1	1	1	1	1	1	1	1	1	0	0	0	0	1	1	0	1	1	1	0	0	1	1	1	1	1	1	0	0	0	0	0	0	0	0	0	0	0	1	1	1	1	1	0	1	0	0	0	0	0	0	0	0	0	0	1	0	0	0	0	0	0	0	0	0	0	0	0	0	0	0	0	0	0	0	0	0	0	0
"Res13-Lact-PEB09-33"	"LPEB0933"	"chromosome"	"Escherichia coli"	"O82 (99.84):H31 (100.0)"	"uidA"	1252	33431	"B1"	"feces"	"B"	"AF1"	"AF1-2"	"suckler"	5	0	0	0	0	0	0	0	0	0	0	0	0	0	0	0	0	1	1	1	1	0	0	0	0	0	1	0	0	0	0	1	0	0	0	1	1	1	0	0	1	0	0	0	0	0	0	1	0	0	0	1	1	1	1	1	1	1	1	1	0	0	0	0	1	1	0	1	1	1	0	0	1	1	1	1	1	1	0	0	0	0	0	0	0	0	0	0	0	1	1	1	1	1	0	1	0	0	0	0	0	0	1	0	0	0	1	0	0	0	1	0	0	0	0	1	0	0	0	0	0	0	0	0	0	0	0	0	1	0
"Res13-Croi-PEC03-01"	"CPEC0301"	"chromosome"	"Escherichia coli"	"O24 (100.0):H4 (100.0)"	"uidA"	117	14771	"G"	"feces"	"S"	"CV"	"CV-1"	"grower"	5	0	0	0	0	0	0	0	0	0	0	0	0	1	0	1	1	1	1	1	1	1	0	0	0	0	1	0	0	0	0	1	1	0	0	1	1	1	0	1	1	0	0	0	0	0	0	0	0	0	0	1	1	1	1	1	1	1	1	1	0	0	1	0	1	1	0	1	1	1	0	0	1	1	1	1	1	1	0	0	0	0	0	0	0	0	0	0	0	1	1	1	1	1	0	1	0	1	0	0	0	1	1	0	1	0	1	0	0	0	0	0	0	0	0	0	0	0	1	0	0	0	0	0	0	0	0	0	0	0
"Res13-Croi-PER01-04"	"NA"	"chromosome"	"Escherichia coli"	"O98 (99.85):H5 (100.0)"	"uidA"	3057	46649	"cladeI"	"feces"	"G"	"AF2"	"AF2-1"	"grower"	2	0	0	0	0	0	0	0	0	0	0	1	0	0	0	0	0	1	1	1	1	1	0	0	0	0	1	0	0	0	0	1	0	0	0	1	1	1	0	1	1	0	0	0	0	0	0	1	0	0	0	1	1	0	1	1	1	1	1	1	0	0	1	0	1	1	0	1	1	1	0	0	1	1	1	1	1	1	0	0	0	0	0	0	0	0	0	0	0	1	1	1	1	1	0	1	0	2	0	0	0	1	0	0	0	0	1	0	0	0	0	0	0	0	0	0	0	0	0	0	0	0	0	0	0	0	0	0	0	0
"Res13-Croi-PER10-03"	"NA"	"chromosome"	"Escherichia coli"	"O112ab (99.15):H8 (100.0)"	"uidA"	75		"B1"	"feces"	"H"	"AF2"	"AF2-2"	"grower"	4	0	0	0	0	0	0	0	0	0	0	0	0	0	0	1	1	1	1	1	1	0	0	0	0	0	1	0	0	0	0	1	0	0	0	1	1	1	0	0	0	0	1	0	0	0	0	1	0	0	0	1	1	1	1	1	1	1	1	1	0	0	1	1	1	1	0	1	1	0	0	0	1	1	1	1	1	1	0	0	0	0	0	0	0	0	0	0	0	1	1	1	1	1	0	1	0	1	0	0	0	0	1	0	0	0	1	0	0	0	1	0	0	0	0	1	0	0	0	0	0	0	0	0	0	0	0	0	1	0
"Res13-Lact-EA06-47"	"NA"	"chromosome"	"Escherichia coli"	"O-untypeable:H26 (99.94)"	"uidA"	1114		"A"	"feces"	"J"	"AF3"	"AF3-1"	"sow"	1	0	0	0	0	0	0	0	0	0	0	0	0	1	0	0	0	1	1	1	1	0	0	0	0	0	1	0	0	0	0	1	1	0	0	1	1	1	0	0	1	0	0	0	0	0	0	1	0	0	0	1	1	1	1	1	1	1	1	1	0	0	2	1	1	1	0	1	1	1	0	0	1	1	1	1	1	1	1	0	0	0	0	0	0	0	0	0	0	1	1	1	1	1	0	1	0	0	0	0	1	0	1	0	1	0	1	0	0	0	0	0	0	0	0	0	0	0	0	0	0	0	0	0	0	0	0	0	0	0
"Res13-Lact-PEB13-34-B"	"NA"	"chromosome"	"Escherichia coli"	"O82 (99.84):H31 (100.0)"	"uidA"	1252	33431	"B1"	"feces"	"B"	"AF1"	"AF1-2"	"suckler"	3	0	0	0	0	0	0	0	0	0	0	0	0	0	0	0	0	1	1	1	1	0	0	0	0	0	1	0	0	0	0	1	0	0	0	1	1	1	0	0	1	0	0	0	0	0	0	1	0	0	0	1	1	1	1	1	1	1	1	1	0	0	0	0	1	1	0	1	1	1	0	0	1	1	1	1	1	1	0	0	0	0	0	0	0	0	0	0	0	1	1	1	1	1	0	1	0	0	0	0	0	0	1	0	0	0	1	0	0	0	1	0	0	0	0	1	0	0	0	0	0	0	0	0	0	0	0	0	1	0
"Res13-Croi-PEA18-46"	"NA"	"chromosome"	"Escherichia coli"	"O-untypeable:H4 (99.05)"	"uidA"	2496		"A"	"feces"	"P"	"AF3"	"AF3-3"	"grower"	5	0	0	0	0	0	0	0	0	0	0	0	0	0	0	0	0	1	1	1	1	0	0	0	0	0	0	0	0	0	0	1	1	0	0	1	1	1	0	0	0	0	0	0	0	0	0	1	0	0	0	1	1	1	1	1	1	1	1	1	0	0	1	1	1	1	0	1	1	0	0	0	1	1	1	1	1	1	0	0	0	0	0	0	0	0	0	0	0	1	1	1	1	1	0	1	0	1	0	0	0	0	0	0	0	0	1	0	0	0	0	0	0	0	0	0	0	0	0	0	0	0	0	0	0	0	0	0	0	0
"Res13-Fini-PEA19-38"	"NA"	"chromosome"	"Escherichia coli"	"O21 (99.84):H32 (99.82)"	"uidA"	10	41025	"A"	"feces"	"P"	"AF3"	"AF3-3"	"finisher"	4	0	0	0	0	0	0	0	0	0	0	0	0	0	0	1	1	1	1	1	1	0	0	0	0	0	0	0	0	0	0	1	1	0	0	1	1	1	0	0	1	0	0	0	0	0	0	1	0	0	0	1	1	1	1	1	1	1	1	1	0	0	2	1	1	1	0	1	1	1	0	0	1	1	1	1	1	1	1	0	0	0	0	0	0	0	0	0	0	1	1	1	1	1	0	1	0	0	0	0	0	0	0	0	0	0	1	0	0	0	0	0	0	0	0	0	0	0	0	0	0	0	0	0	0	0	0	0	0	0
"Res13-Lact-ER07-29"	"LER0729"	"chromosome"	"Escherichia coli"	"O-untypeable:H4 (100.0)"	"uidA"	761	"new"	"A"	"feces"	"E"	"AF2"	"AF2-1"	"sow"	1	1	0	0	0	0	0	0	0	0	0	1	0	0	0	1	1	1	1	1	1	0	0	0	0	0	1	0	0	0	0	1	0	0	0	1	1	1	0	0	1	0	0	0	0	0	0	1	0	0	0	1	1	1	0	1	1	1	1	1	0	0	1	1	1	1	0	1	1	0	0	0	1	1	1	1	1	1	1	0	0	0	0	0	0	0	0	0	0	1	1	1	1	1	0	1	0	1	0	0	0	1	2	0	0	0	1	0	0	0	1	0	1	0	0	1	0	0	0	0	0	0	0	0	0	0	0	0	1	0
"Res13-Abat-PEA24-P1-01"	"NA"	"chromosome"	"Enterobacter cloacae"	"ND"	"ND"		"new"		"swab"	"U"	"AF3"	"AF3-4"	"carcass"	"NA"	0	0	0	0	0	0	0	0	0	0	0	0	0	0	1	1	0	1	0	0	0	0	0	0	0	0	1	0	0	0	1	0	0	1	0	0	1	0	0	1	0	0	1	0	0	0	0	0	0	0	0	1	0	0	1	0	0	0	0	0	0	0	0	1	0	0	0	0	0	0	0	0	0	1	0	1	0	0	0	0	0	0	0	0	0	0	0	0	1	0	0	0	0	1	1	1	0	0	0	0	0	0	0	0	0	1	0	0	0	0	0	0	0	0	0	0	0	0	0	0	0	0	0	0	0	0	0	0	0
"Res13-Abat-PEC13-P2-01"	"NA"	"chromosome"	"Acinetobacter sp."	"ND"	"ND"		"new"		"swab"	"U"	"CV"	"CV-2"	"carcass"	"NA"	0	0	0	0	0	0	0	0	0	0	0	0	0	0	0	0	0	0	0	0	0	0	0	0	0	0	0	1	0	0	0	0	0	0	0	0	0	0	0	0	0	0	0	0	0	0	0	0	0	0	0	0	0	0	0	0	0	0	0	0	0	0	0	0	0	0	0	0	0	0	0	0	0	0	0	0	0	0	0	0	0	0	0	0	0	0	0	0	0	0	0	0	0	0	0	0	0	0	0	0	0	0	0	0	0	0	0	0	0	0	0	0	0	0	0	0	0	0	0	0	0	0	0	0	0	0	0	0	0
"Res13-Lact-PEC08-09"	"LPEC0809"	"chromosome"	"Escherichia coli"	"O-untypeable:H20 (99.42)"	"uidA"	5579		"A"	"feces"	"S"	"CV"	"CV-2"	"suckler"	5	0	0	0	0	0	0	0	0	0	0	0	1	0	2	0	0	1	1	1	1	1	0	0	0	0	1	0	0	0	0	1	0	0	0	1	1	1	0	0	1	0	0	0	0	0	0	1	0	0	0	1	1	0	1	1	1	1	1	1	0	0	1	1	1	1	0	1	1	1	0	0	1	1	1	1	1	1	0	0	0	0	0	0	0	0	0	0	0	1	1	1	1	1	0	1	0	0	0	1	0	0	0	1	0	0	1	1	0	0	0	0	1	0	0	0	0	0	0	0	1	0	0	0	0	1	0	0	0	0
"Res13-Lact-LEA2-09"	"LLEA209"	"chromosome"	"Escherichia coli"	"O-untypeable:H16 (99.87)"	"eae;uidA"	603	34987	"B1"	"manure"	"K"	"AF3"	"AF3-2"	"sow"	"NA"	0	0	0	0	0	0	0	0	0	0	0	0	0	0	0	0	1	1	1	1	0	0	0	0	0	1	0	0	0	0	1	0	0	0	1	1	0	0	0	0	0	0	0	0	0	0	1	0	0	0	1	1	1	1	1	1	1	1	1	0	0	0	0	1	1	0	1	1	0	0	0	1	1	1	1	1	1	0	0	0	0	0	0	0	0	0	0	0	1	1	1	1	1	0	1	0	0	0	0	0	0	1	0	0	0	1	0	0	0	1	0	0	0	0	1	0	0	0	0	0	0	0	0	0	0	0	0	1	0
"Res13-Lact-LER1-03"	"LLER103"	"chromosome"	"Escherichia coli"	"O8 (99.75):H9 (99.95)"	"uidA"	88	14767	"C"	"manure"	"E"	"AF2"	"AF2-1"	"sow"	"NA"	0	0	0	0	0	0	0	0	0	0	0	0	0	0	0	0	1	1	1	1	0	0	0	0	0	1	0	0	0	0	1	1	0	0	1	1	1	0	0	1	0	0	0	0	0	0	1	0	0	0	1	1	1	1	1	1	1	1	1	0	0	0	0	1	1	0	1	1	1	0	0	1	1	1	1	1	1	0	0	0	0	0	0	0	0	0	0	0	1	1	1	1	1	0	1	0	0	0	0	0	0	1	0	0	0	1	0	0	0	1	0	0	0	0	1	0	0	0	0	0	0	0	0	0	0	0	0	1	0
"Res13-Croi-PEC15-20"	"CPEC1520"	"chromosome"	"Escherichia coli"	"O24 (100.0):H4 (100.0)"	"uidA"	117	14771	"G"	"feces"	"T"	"CV"	"CV-2"	"grower"	3	0	0	0	0	0	0	0	0	0	0	0	0	1	0	1	1	1	1	1	1	1	0	0	0	0	1	0	0	0	0	1	1	0	0	1	1	1	0	1	1	0	0	0	0	0	0	0	0	0	0	1	1	1	1	1	1	1	1	1	0	0	1	0	1	1	0	1	1	1	0	0	1	1	1	1	1	1	0	0	0	0	0	0	0	0	0	0	0	1	1	1	1	1	0	1	0	1	0	0	0	1	1	0	1	0	1	0	0	0	0	0	0	0	0	0	0	0	1	0	0	0	0	0	0	0	0	0	0	0
"Res13-Abat-PEB19-P1-02-A"	"NA"	"chromosome"	"Enterobacter cloacae"	"ND"	"ND"	"ND"	"ND"		"swab"	"U"	"AF1"	"AF1-3"	"carcass"	"NA"	0	0	1	0	0	0	0	0	0	0	0	0	0	0	0	0	0	1	0	0	0	0	0	0	0	0	0	0	0	0	1	0	0	1	0	0	1	0	0	1	0	1	0	0	0	0	0	0	0	0	0	1	0	0	1	0	0	0	0	0	0	0	0	1	0	0	0	0	0	0	0	0	0	1	0	1	0	0	0	0	0	0	0	0	0	0	0	0	1	0	0	0	0	1	1	1	0	0	0	0	0	0	0	0	0	0	0	0	0	0	0	0	0	0	0	0	0	0	0	0	0	0	0	0	0	0	0	0	0
"Res13-Lact-ER01-35"	"LER0135"	"chromosome"	"Escherichia coli"	"O152 (99.91):H23 (98.3)"	"uidA"	939	2075	"A"	"feces"	"E"	"AF2"	"AF2-1"	"sow"	1	0	0	0	0	0	0	0	0	0	0	0	0	0	0	0	0	1	1	1	1	0	0	0	0	0	1	0	0	0	0	1	0	0	0	1	1	1	0	0	0	0	0	0	0	0	0	1	0	0	0	1	1	1	1	1	1	1	1	1	0	0	0	0	1	1	0	1	1	1	0	0	1	1	1	1	1	1	0	0	0	0	0	0	0	0	0	0	0	1	1	1	1	1	0	1	0	0	0	0	0	0	1	0	0	0	1	0	0	0	1	0	0	0	0	1	0	0	0	0	0	0	0	0	0	0	0	0	1	0
"Res13-Lact-PER02-44"	"LPER0244"	"chromosome"	"Escherichia coli"	"O-untypeable:H4 (100.0)"	"uidA"	761	"new"	"A"	"feces"	"E"	"AF2"	"AF2-1"	"suckler"	4	1	0	0	0	0	0	0	0	0	1	0	0	0	0	1	1	1	1	1	1	0	0	0	0	0	1	0	0	0	0	1	0	0	0	1	1	1	0	0	2	0	0	0	0	0	0	1	0	0	0	1	1	1	0	1	1	1	1	1	0	0	0	1	1	1	0	1	1	0	0	0	1	1	1	1	1	1	1	0	0	0	0	0	0	0	0	0	0	1	1	1	1	1	0	1	0	1	0	0	0	1	1	0	0	0	1	0	0	0	1	0	1	0	0	1	0	0	0	0	0	0	0	1	0	0	0	0	1	0
"Res13-Abat-PEA21-P1-01"	"NA"	"chromosome"	"Enterobacter sp."	"ND"	"ND"	"new"	"new"		"swab"	"U"	"AF3"	"AF3-3"	"carcass"	"NA"	0	1	0	0	0	0	0	0	0	0	0	0	0	0	0	0	0	1	0	0	0	0	0	0	0	0	0	0	0	0	1	0	0	1	0	0	1	0	0	2	0	0	1	0	0	0	0	0	0	0	0	1	0	0	1	0	0	0	0	0	0	0	0	1	0	0	0	0	0	0	0	0	0	1	0	1	0	0	0	0	0	0	0	0	0	0	0	0	1	0	0	0	0	0	1	1	0	0	0	0	0	0	0	0	0	0	0	0	0	0	0	0	0	0	0	0	0	0	0	0	0	0	0	0	0	0	0	0	0
"Res13-Lact-ER13-36"	"NA"	"chromosome"	"Escherichia coli"	"O107 (100.0):H27 (97.74)"	"uidA"	10		"A"	"feces"	"F"	"AF2"	"AF2-2"	"sow"	1	0	0	0	0	0	0	0	0	0	0	0	0	0	0	0	0	1	1	1	1	0	0	0	0	0	0	0	0	0	0	1	1	0	0	1	1	1	0	0	1	0	0	0	0	0	0	1	0	0	0	1	1	1	1	1	1	1	1	1	1	0	0	0	1	1	0	1	1	1	0	0	1	1	1	1	1	1	1	0	0	0	0	0	0	0	0	0	0	1	1	1	1	1	0	1	0	0	0	0	0	1	0	0	0	0	1	1	0	0	0	0	0	0	0	0	0	0	0	0	0	0	0	0	1	1	0	0	0	0
"Res13-Sevr-LER2-35"	"SLER235"	"chromosome"	"Providencia rettgeri"	"ND"	"ND"	"ND"	"ND"		"manure"	"H"	"AF2"	"AF2-2"	"weaner"	"NA"	0	0	0	0	0	0	0	1	0	0	0	0	0	0	0	0	0	0	0	0	0	0	0	0	0	0	0	0	0	0	1	0	0	0	0	0	0	0	0	1	0	0	0	0	0	0	0	0	0	0	0	0	0	0	0	0	0	0	0	0	0	1	0	0	0	0	0	0	0	0	0	0	0	1	0	0	0	0	0	0	0	0	0	0	0	0	0	0	0	0	0	0	0	0	0	0	0	0	0	1	1	1	0	0	0	0	0	0	0	0	0	1	0	0	0	1	0	0	0	0	0	0	0	0	0	0	0	0	0
"Res13-Lact-PEB21-38-A"	"NA"	"chromosome"	"Escherichia fergusonii"	"O9 (98.69):H10 (100.0)"	"uidA"	46	"new"	"A"	"feces"	"A"	"AF1"	"AF1-3"	"suckler"	3	0	0	0	0	0	0	0	0	0	0	0	0	0	0	0	0	1	1	1	1	0	0	0	0	1	1	0	0	0	0	1	0	0	0	1	1	1	0	0	1	0	0	0	0	0	0	1	0	0	0	1	1	1	1	1	1	1	1	1	0	0	0	0	1	1	0	1	1	0	0	1	1	1	1	1	1	1	0	0	0	0	0	0	0	0	0	0	0	1	1	1	1	1	0	1	0	0	0	0	0	0	0	0	0	0	1	0	0	0	0	0	0	0	0	0	0	0	0	0	0	0	0	0	0	0	0	0	0	0
"Res13-Lact-PEA13-25"	"LPEA1325"	"chromosome"	"Escherichia coli"	"O118/O151;O151 (100.0):H25 (100.0)"	"uidA"	1684	38759	"A"	"feces"	"K"	"AF3"	"AF3-2"	"suckler"	5	0	0	0	0	0	0	0	0	0	0	0	0	0	0	0	0	1	1	1	1	0	0	0	0	0	1	0	0	0	0	1	0	0	0	1	1	1	0	0	1	0	0	0	0	0	0	1	0	0	0	1	1	1	1	1	1	1	1	1	0	0	1	0	1	1	0	1	1	1	0	0	1	1	1	1	1	1	0	0	0	0	0	0	0	0	0	0	0	1	1	1	1	1	0	1	0	0	0	0	0	0	1	0	0	0	1	0	0	0	1	0	0	0	0	1	0	0	0	0	0	0	0	0	0	0	0	0	0	0
"Res13-Lact-PER12-34"	"LPER1234"	"chromosome"	"Escherichia coli"	"O25 (100.0):H19 (100.0)"	"uidA"	641	45860	"B1"	"feces"	"F"	"AF2"	"AF2-2"	"suckler"	4	0	0	0	0	0	0	0	0	0	0	0	0	0	0	0	0	1	1	1	1	0	0	0	0	0	1	0	0	0	0	1	0	0	0	1	1	1	0	0	2	0	0	0	0	0	0	1	0	0	0	1	1	1	1	1	1	1	1	1	0	0	1	0	1	1	0	1	1	1	0	0	1	1	1	1	1	1	0	0	0	0	0	0	0	0	0	0	0	1	1	1	1	1	0	1	0	0	0	0	0	0	1	0	0	0	1	0	0	0	1	0	0	0	0	1	0	0	0	0	0	0	0	0	0	0	0	0	0	0
"Res13-Fini-PEB02-13"	"NA"	"chromosome"	"Escherichia coli"	"O-untypeable:H45 (98.36)"	"uidA"	542	30442	"A"	"feces"	"C"	"AF1"	"AF1-1"	"finisher"	3	0	0	0	0	0	0	0	0	0	0	0	0	1	0	1	1	1	1	1	1	1	0	0	0	0	1	0	0	0	0	1	0	0	0	1	1	1	0	0	1	0	0	0	1	0	0	1	0	0	0	1	1	1	1	1	1	1	1	1	0	0	2	1	1	1	0	1	1	0	0	0	1	1	1	1	1	1	0	0	0	0	0	0	0	0	0	0	0	1	1	2	1	1	0	1	0	0	0	0	1	1	1	0	0	0	1	1	0	0	0	0	0	0	0	0	0	0	0	0	0	0	1	0	0	1	0	0	0	0
"Res13-Lact-LEB3-02"	"LLEB302"	"chromosome"	"Escherichia coli"	"O20 (100.0):H12 (99.78)"	"uidA"	88	15305	"C"	"manure"	"A"	"AF1"	"AF1-3"	"sow"	"NA"	0	0	0	0	0	0	0	0	0	0	0	0	0	0	1	1	1	1	1	1	1	0	0	0	0	1	0	0	0	0	1	1	0	0	1	1	1	0	0	2	0	0	0	0	0	0	1	0	0	0	1	1	1	1	1	1	1	1	1	0	0	0	0	1	1	0	1	1	0	0	0	1	1	1	1	1	1	0	0	0	0	0	0	0	0	0	0	0	1	1	1	1	1	0	1	0	1	0	0	0	0	1	0	0	1	1	0	0	0	0	0	0	0	0	0	0	0	0	0	0	0	0	0	0	0	0	0	0	0
"Res13-Lact-PEB01-20"	"LPEB0120"	"chromosome"	"Escherichia coli"	"O86 (100.0):H-untypeable"	"uidA"	101	1589	"B1"	"feces"	"A"	"AF1"	"AF1-1"	"suckler"	5	0	0	0	0	0	0	0	0	0	0	0	0	0	0	0	0	1	1	1	1	0	0	0	0	0	1	0	0	0	0	1	1	0	0	1	1	1	0	0	1	0	0	0	0	0	0	1	0	0	0	1	1	1	1	1	1	1	1	1	0	0	1	1	1	1	0	1	1	1	0	0	1	1	1	1	1	1	0	0	0	0	0	0	0	0	0	0	0	1	1	1	1	1	0	1	0	1	0	0	0	0	1	0	0	0	1	0	0	0	1	0	0	0	0	1	0	0	0	0	0	0	0	0	0	0	0	0	1	0
"Res13-Lact-PER12-37"	"NA"	"chromosome"	"Escherichia coli"	"O107 (100.0):H27 (97.74)"	"uidA"	10		"A"	"feces"	"F"	"AF2"	"AF2-2"	"suckler"	4	0	0	0	0	0	0	0	0	0	0	0	0	0	0	0	0	1	1	1	1	0	0	0	0	0	0	0	0	0	0	1	1	0	0	1	1	1	0	0	1	0	0	0	0	0	0	1	0	0	0	1	1	1	1	1	1	1	1	1	1	0	0	0	1	1	0	1	1	1	0	0	1	1	1	1	1	1	1	0	0	0	0	0	0	0	0	0	0	1	1	1	1	1	0	1	0	0	0	0	0	1	0	0	0	0	1	1	0	0	0	0	0	0	0	0	0	0	0	0	0	0	0	0	1	1	0	0	0	0
"Res13-Sevr-PEB18-05"	"NA"	"chromosome"	"Escherichia coli"	"O100 (100.0):H30 (99.94)"	"VT2;uidA"	993	42468	"A"	"feces"	"D"	"AF1"	"AF1-3"	"weaner"	5	0	0	0	0	0	0	0	0	0	0	0	0	0	0	0	0	1	1	1	1	1	0	0	0	0	0	0	0	0	0	1	0	0	0	1	1	1	0	0	1	0	0	0	0	0	1	1	0	0	0	1	1	1	1	1	1	1	1	1	0	0	0	0	1	1	0	1	1	0	0	0	1	1	1	1	1	1	0	0	0	0	0	0	0	0	0	0	0	1	1	1	1	1	0	1	0	0	0	0	0	0	0	0	0	0	1	0	0	0	0	0	0	0	0	0	0	0	0	0	0	0	0	0	0	0	0	0	0	0
"Res13-Lact-PEC05-18"	"NA"	"chromosome"	"Enterobacter sp."	"ND"	"ND"				"feces"	"S"	"CV"	"CV-1"	"suckler"	5	0	0	0	1	0	0	0	0	0	0	0	0	0	0	0	0	0	1	0	0	0	0	0	0	0	0	0	0	0	0	1	0	0	1	0	0	1	0	0	2	0	0	1	0	0	0	0	0	0	0	0	1	0	0	1	0	0	0	0	0	0	1	1	1	0	0	0	0	0	0	0	0	0	1	0	1	0	0	0	0	0	0	0	0	0	0	0	0	1	0	0	0	0	1	1	1	0	0	0	0	0	0	0	0	0	1	0	0	0	0	0	0	0	0	0	0	0	0	0	0	0	0	0	0	0	0	0	0	0
"Res13-Lact-LEB3-27"	"LLEB327"	"chromosome"	"Escherichia coli"	"O20 (100.0):H12 (99.78)"	"uidA"	88	15305	"C"	"manure"	"A"	"AF1"	"AF1-3"	"sow"	"NA"	0	0	0	0	0	0	0	0	0	0	0	0	0	0	1	1	1	1	1	1	1	0	0	0	0	1	0	0	0	0	1	1	0	0	1	1	1	0	0	0	0	0	0	0	0	0	1	0	0	0	1	1	1	1	1	1	1	1	1	0	0	0	0	1	1	0	1	1	0	0	0	1	1	1	1	1	1	0	0	0	0	0	0	0	0	0	0	0	1	1	1	1	1	0	1	0	1	0	0	0	0	1	0	0	1	1	0	0	0	0	0	0	0	0	0	0	0	0	0	0	0	0	0	0	0	0	0	0	0
"Res13-Sevr-PER08-38"	"NA"	"chromosome"	"Escherichia coli"	"O9 (94.91):H32 (99.82)"	"uidA"		40755	"A"	"feces"	"H"	"AF2"	"AF2-2"	"weaner"	5	0	0	0	0	0	0	0	0	0	0	0	0	0	0	1	1	1	1	1	1	0	0	0	0	0	1	0	0	0	0	1	1	0	0	1	1	1	0	0	1	0	0	0	0	0	0	1	0	0	0	1	1	1	1	1	1	1	1	1	0	0	0	0	1	1	0	1	1	1	0	0	1	2	1	1	1	1	0	0	0	0	0	0	0	0	0	0	0	1	1	1	1	1	0	1	0	0	0	0	0	0	0	0	0	0	1	0	0	0	0	0	0	0	0	0	0	0	0	0	0	0	0	0	0	0	0	0	0	0
"Res13-Lact-EB04-01"	"NA"	"chromosome"	"Escherichia coli"	"O86 (100.0):H-untypeable"	"uidA"	101	1589	"B1"	"feces"	"A"	"AF1"	"AF1-1"	"sow"	1	0	0	0	0	0	0	0	0	0	0	0	0	0	0	0	0	1	1	1	1	0	0	0	0	0	1	0	0	0	0	1	1	0	0	1	1	1	0	0	1	0	0	0	0	0	0	1	0	0	0	1	1	1	1	1	1	1	1	1	0	0	1	1	1	1	0	1	1	1	0	0	1	1	1	1	1	1	0	0	0	0	0	0	0	0	0	0	0	1	1	1	1	1	0	1	0	1	0	0	0	0	1	0	0	0	1	0	0	0	1	0	0	0	0	1	0	0	0	0	0	0	0	0	0	0	0	0	1	0
"Res13-Lact-EA04-24"	"LEA0424"	"chromosome"	"Escherichia coli"	"O112ab (99.15):H8 (100.0)"	"uidA"	75	"new"	"B1"	"feces"	"J"	"AF3"	"AF3-1"	"sow"	1	0	0	0	0	0	0	0	0	0	0	0	0	0	0	1	1	1	1	1	1	0	0	0	0	0	1	0	0	0	0	1	0	0	0	1	1	1	0	0	1	0	1	0	0	0	0	1	0	0	0	1	1	1	1	1	1	1	1	1	0	0	1	1	1	1	0	1	1	0	0	0	1	1	1	1	1	1	0	0	0	0	0	0	0	0	0	0	0	1	1	1	1	1	0	1	0	1	0	0	0	0	1	0	0	0	1	0	0	0	1	0	0	0	0	1	0	0	0	0	0	0	0	0	0	0	0	0	1	0
"Res13-Sevr-LER1-34"	"SLER134"	"chromosome"	"Escherichia coli"	"O-untypeable:H4 (100.0)"	"uidA"	761		"A"	"manure"	"G"	"AF2"	"AF2-1"	"weaner"	"NA"	1	0	0	0	0	0	0	0	0	0	1	0	0	0	1	1	1	1	1	1	0	0	0	0	0	1	0	0	0	0	1	0	0	0	1	1	1	0	0	2	0	0	0	0	0	0	1	0	0	0	1	1	1	0	1	1	1	1	1	0	0	1	1	1	1	0	1	1	0	0	0	1	1	1	1	1	1	1	0	0	0	0	0	0	0	0	0	0	1	1	1	1	1	0	1	0	1	0	0	0	1	2	0	0	0	1	0	0	0	1	0	1	0	0	1	0	0	0	0	0	0	0	0	0	0	0	0	1	0
"Res13-Abat-PEA21-P4-01-A"	"NA"	"chromosome"	"Acinetobacter baumannii"	"ND"	"ND"	"ND"	"ND"		"swab"	"U"	"AF3"	"AF3-3"	"carcass"	"NA"	0	0	0	0	0	0	1	0	1	0	0	0	0	0	0	0	0	0	0	0	0	0	0	0	0	0	0	0	0	1	0	0	0	0	0	0	0	0	0	0	0	0	0	0	0	0	0	1	1	1	0	0	0	0	0	0	0	0	0	0	0	0	0	0	0	1	0	0	0	0	0	0	0	0	0	0	0	0	0	0	1	1	1	1	1	1	0	0	0	0	0	0	0	0	0	0	0	1	0	0	0	0	0	0	0	0	0	0	0	0	0	0	0	0	0	0	0	0	0	0	0	0	0	0	0	0	0	0	0
"Res13-Lact-LEB3-20"	"LLEB320"	"chromosome"	"Escherichia coli"	"O20 (100.0):H12 (99.78)"	"uidA"	88	15305	"C"	"manure"	"A"	"AF1"	"AF1-3"	"sow"	"NA"	0	0	0	0	0	0	0	0	0	0	0	0	0	0	1	1	1	1	1	1	1	0	0	0	0	1	0	0	0	0	1	1	0	0	1	1	1	0	0	2	0	0	0	0	0	0	1	0	0	0	1	1	1	1	1	1	1	1	1	0	0	0	0	1	1	0	1	1	0	0	0	1	1	1	1	1	1	0	0	0	0	0	0	0	0	0	0	0	1	1	1	1	1	0	1	0	1	0	0	0	0	1	0	0	1	1	0	0	0	0	0	0	0	0	0	0	0	0	0	0	0	0	0	0	0	0	0	0	0
"Res13-Lact-PEA28-10"	"LPEA2810"	"chromosome"	"Escherichia coli"	"O145 (99.84):H-untypeable"	"eae;hlyAEc;O145;uidA"	1034	"new"	"D"	"feces"	"K"	"AF3"	"AF3-4"	"suckler"	4	0	0	0	0	0	0	0	0	0	0	0	0	0	0	0	0	1	1	1	1	0	0	0	0	0	1	0	0	0	0	1	0	0	0	1	1	1	0	0	2	0	0	0	0	0	0	1	0	0	0	1	1	0	1	1	1	1	1	1	0	0	0	0	1	1	0	1	1	1	0	0	1	1	1	1	1	1	0	0	0	0	0	0	0	0	0	0	0	1	1	1	1	1	0	1	0	0	0	0	0	0	1	0	0	0	1	0	0	0	1	0	0	0	0	1	0	0	0	0	0	0	0	0	0	0	0	0	1	0
"Res13-Fini-PER02-36"	"NA"	"chromosome"	"Escherichia coli"	"O-untypeable:H32 (99.82)"	"uidA"	10	14896	"A"	"feces"	"I"	"AF2"	"AF2-1"	"finisher"	2	0	0	0	0	0	0	0	0	0	0	0	0	0	0	1	1	1	1	1	1	0	0	0	0	0	0	0	0	0	0	1	1	0	0	1	1	1	0	0	1	0	0	0	0	0	0	1	0	0	0	1	1	1	1	1	1	1	1	1	0	0	1	1	1	1	0	1	1	0	0	0	1	1	1	1	1	1	1	0	0	0	0	0	0	0	0	0	0	1	1	1	1	1	0	1	0	0	0	0	0	0	0	0	0	0	1	0	0	0	0	0	0	0	0	0	0	0	0	0	0	0	0	0	0	0	0	0	0	0
"Res13-Abat-PEA15-P4-01"	"APEA15P401"	"chromosome"	"Enterobacter cloacae"	"ND"	"ND"				"swab"	"U"	"AF3"	"AF3-3"	"carcass"	"NA"	0	0	0	0	0	0	0	0	0	0	0	0	0	0	1	1	0	1	0	0	0	0	0	0	0	0	1	0	0	0	1	0	0	1	0	0	1	0	0	1	0	0	1	0	0	0	0	0	0	0	0	1	0	0	1	0	0	0	0	0	0	0	0	1	0	0	0	0	0	0	0	0	0	1	0	1	0	0	0	0	0	0	0	0	0	0	0	0	1	0	0	0	0	1	1	1	0	0	0	0	0	0	0	0	0	1	0	0	0	0	0	0	0	0	0	0	0	0	0	0	0	0	0	0	0	0	0	0	0
"Res13-Sevr-PEC09-36"	"SPEC0936"	"chromosome"	"Enterobacter cloacae"	"ND"	"ND"				"feces"	"R"	"CV"	"CV-2"	"weaner"	4	0	0	0	0	1	0	0	0	0	0	0	0	0	0	0	0	0	1	0	0	0	0	0	0	0	0	0	0	0	0	1	0	0	1	0	0	1	0	0	2	0	0	1	0	0	0	0	0	0	0	0	1	0	0	1	0	0	0	0	0	0	1	1	1	0	0	0	0	0	0	0	0	0	1	0	1	0	0	0	0	0	0	0	0	0	0	0	0	1	0	0	0	0	1	1	1	0	0	0	0	0	0	0	0	0	1	0	0	0	0	0	0	0	0	0	0	0	0	0	0	0	0	0	0	0	0	0	0	0
"Res13-Lact-LER2-34"	"LLER234"	"chromosome"	"Escherichia coli"	"O-untypeable:H4 (100.0)"	"uidA"	761	"new"	"A"	"manure"	"F"	"AF2"	"AF2-2"	"sow"	"NA"	1	0	0	0	0	0	0	0	0	0	1	0	0	0	1	1	1	1	1	1	0	0	0	0	0	1	0	0	0	0	1	0	0	0	1	1	1	0	0	0	0	0	0	0	0	0	1	0	0	0	1	1	1	0	1	1	1	1	1	0	0	1	1	1	1	0	1	1	0	0	0	1	1	1	1	1	1	1	0	0	0	0	0	0	0	0	0	0	1	1	1	1	1	0	1	0	1	0	0	0	1	2	0	0	0	1	0	0	0	1	0	1	0	0	1	0	0	0	0	0	0	0	0	0	0	0	0	1	0
"Res13-Abat-PEC12-P5-02"	"NA"	"chromosome"	"Acinetobacter sp."	"ND"	"ND"		"new"		"swab"	"U"	"CV"	"CV-2"	"carcass"	"NA"	0	0	0	0	0	0	0	0	0	0	0	0	0	0	0	0	0	0	0	0	0	0	0	0	0	0	0	1	0	0	0	0	0	0	0	0	0	0	0	0	0	0	0	0	0	0	0	0	0	0	0	0	0	0	0	0	0	0	0	0	0	0	0	0	0	0	0	0	0	0	0	0	0	0	0	0	0	0	0	0	0	0	0	0	0	0	0	0	0	0	0	0	0	0	0	0	0	0	0	0	0	0	0	0	0	0	0	0	0	0	0	0	0	0	0	0	0	0	0	0	0	0	0	0	0	0	0	0	0
"Res13-Croi-PEA17-28"	"CPEA1728"	"chromosome"	"Escherichia coli"	"O-untypeable:H4 (99.05)"	"uidA"	2496		"A"	"feces"	"P"	"AF3"	"AF3-3"	"grower"	5	0	0	0	0	0	0	0	0	0	0	0	0	0	0	0	0	1	1	1	1	1	0	0	0	0	0	0	0	0	0	1	1	0	0	1	1	1	0	0	0	0	0	0	0	0	0	1	0	0	0	1	1	1	1	1	1	1	1	1	0	0	1	1	1	1	0	1	1	0	0	0	1	1	1	1	1	1	0	0	0	0	0	0	0	0	0	0	0	1	1	1	1	1	0	1	0	1	0	0	0	0	0	0	0	0	1	0	0	0	0	0	0	0	0	0	0	0	0	0	0	0	0	0	0	0	0	0	0	0
"Res13-Lact-PER09-33"	"LPER0933"	"chromosome"	"Escherichia coli"	"O167 (99.37):H26 (98.63)"	"uidA"	5135	34220	"D"	"feces"	"F"	"AF2"	"AF2-2"	"suckler"	5	0	0	0	0	0	0	0	0	0	0	0	0	0	0	0	0	1	1	1	1	0	0	0	0	0	1	0	0	0	0	1	0	0	0	1	1	1	0	1	1	0	0	0	0	0	0	0	0	0	0	1	1	1	1	1	1	1	1	1	0	0	0	0	1	1	0	1	1	0	0	0	1	1	1	1	1	1	0	0	0	0	0	0	0	0	0	0	0	1	1	1	1	1	0	1	0	1	0	0	0	0	1	0	0	0	1	0	0	0	1	0	0	0	0	1	0	0	0	0	0	0	0	0	0	0	0	0	1	0
"Res13-Croi-PEA21-28"	"CPEA2128"	"chromosome"	"Escherichia coli"	"O145 (99.92):H-untypeable"	"eae;hlyAEc;O145;uidA"	1034		"D"	"feces"	"P"	"AF3"	"AF3-3"	"grower"	5	0	0	0	0	0	0	0	0	0	0	0	0	0	0	0	0	1	1	1	1	0	0	0	0	0	1	0	0	0	0	1	0	0	0	1	1	1	0	0	2	0	0	0	0	0	0	1	0	0	0	1	1	0	1	1	1	1	1	1	0	0	0	0	1	1	0	1	1	1	0	0	1	1	1	1	1	1	0	0	0	0	0	0	0	0	0	0	0	1	1	1	1	1	0	1	0	0	0	0	0	0	1	0	0	0	1	0	0	0	1	0	0	0	0	1	0	0	0	0	0	0	0	0	0	0	0	0	1	0
"Res13-Croi-PEA15-12"	"CPEA1512"	"chromosome"	"Escherichia coli"	"ND"	"eae;hlyAEc;O145;uidA"	1034		"D"	"feces"	"P"	"AF3"	"AF3-3"	"grower"	5	0	0	0	0	0	0	0	0	0	0	0	0	0	0	0	0	1	1	1	1	0	0	0	0	0	1	0	0	0	0	1	0	0	0	1	1	1	0	0	2	0	0	0	0	0	0	1	0	0	0	1	1	0	1	1	1	1	1	1	0	0	0	0	1	1	0	1	1	1	0	0	1	1	1	1	1	1	0	0	0	0	0	0	0	0	0	0	0	1	1	1	1	1	0	1	0	0	0	0	0	0	1	0	0	0	1	0	0	0	1	0	0	0	0	1	0	0	0	0	0	0	0	0	0	0	0	0	1	0
"Res13-Lact-PEB20-37-A"	"NA"	"chromosome"	"Escherichia fergusonii"	"O9 (98.69):H10 (100.0)"	"uidA"	46	"new"	"A"	"feces"	"A"	"AF1"	"AF1-3"	"suckler"	4	0	0	0	0	0	0	0	0	0	0	0	0	0	0	0	0	1	1	1	1	0	0	0	0	1	1	0	0	0	0	1	0	0	0	1	1	1	0	0	1	0	0	0	0	0	0	1	0	0	0	1	1	1	1	1	1	1	1	1	0	0	0	0	1	1	0	1	1	0	0	1	1	1	1	1	1	1	0	0	0	0	0	0	0	0	0	0	0	1	1	1	1	1	0	1	0	0	0	0	0	0	0	0	0	0	1	0	0	0	0	0	0	0	0	0	0	0	0	0	0	0	0	0	0	0	0	0	0	0
"Res13-Sevr-PEA28-36"	"SPEA2836"	"chromosome"	"Escherichia coli"	"O80 (100.0):H26 (99.94)"	"uidA"	189	1957	"A"	"feces"	"N"	"AF3"	"AF3-4"	"weaner"	4	0	0	0	0	0	0	0	0	0	0	0	0	0	0	0	0	1	1	1	1	0	0	0	0	0	1	0	0	0	0	1	0	0	0	1	1	1	0	0	2	0	0	0	0	0	0	1	0	0	0	1	1	1	1	1	1	1	1	2	0	0	1	1	1	1	0	1	1	0	0	0	1	1	1	1	1	1	0	0	0	0	0	0	0	0	0	0	0	1	1	1	1	1	0	1	0	0	0	0	0	0	1	0	0	0	1	0	0	0	1	0	0	0	0	1	0	0	0	0	0	0	0	0	0	0	0	0	1	0
"Res13-Sevr-PEB15-13"	"NA"	"chromosome"	"Escherichia coli"	"O20 (100.0):H12 (99.78)"	"uidA"	88	15305	"C"	"feces"	"D"	"AF1"	"AF1-3"	"weaner"	4	0	0	0	0	0	0	0	0	0	0	0	0	0	0	1	1	1	1	1	1	1	0	0	0	0	1	0	0	0	0	1	1	0	0	1	1	1	0	0	1	0	0	0	0	0	0	1	0	0	0	1	1	1	1	1	1	1	1	1	0	0	0	0	1	1	0	1	1	0	0	0	1	1	1	1	1	1	0	0	0	0	0	0	0	0	0	0	0	1	1	1	1	1	0	1	0	1	0	0	0	0	1	0	0	1	1	0	0	0	0	0	0	0	0	0	0	0	0	0	0	0	0	0	0	0	0	0	0	0
"Res13-Croi-PEB01-10"	"NA"	"chromosome"	"Escherichia coli"	"O5 (100.0):H4 (100.0)"	"uidA"	93	8220	"A"	"feces"	"C"	"AF1"	"AF1-1"	"grower"	4	0	0	0	0	0	0	0	0	0	0	1	0	0	0	0	0	1	1	1	1	1	0	0	0	0	1	0	0	0	0	1	1	0	0	1	0	1	0	1	1	0	0	0	0	0	0	1	0	0	0	1	1	1	1	1	1	1	1	1	1	0	1	0	1	1	0	1	1	1	0	0	1	1	1	1	1	1	1	0	0	0	0	0	0	0	0	0	0	1	1	1	1	1	0	1	0	1	0	1	0	0	1	0	0	0	1	1	0	0	1	1	0	0	0	1	0	0	0	0	1	0	0	0	1	0	0	0	1	0
"Res13-Abat-PEA25-P5-02"	"NA"	"chromosome"	"Acinetobacter baumannii"	"ND"	"ND"		"new"		"swab"	"U"	"AF3"	"AF3-4"	"carcass"	"NA"	0	0	0	0	0	0	1	0	1	0	0	0	0	0	0	0	0	0	0	0	0	0	0	0	0	0	0	0	0	1	0	0	0	0	0	0	0	0	0	0	0	0	0	0	0	0	0	1	1	1	0	0	0	0	0	0	0	0	0	0	0	0	0	0	0	1	0	0	0	0	0	0	0	0	0	0	0	0	0	0	1	1	1	1	1	1	0	0	0	0	0	0	0	0	0	0	0	1	0	0	0	0	0	0	0	0	0	0	0	0	0	0	0	0	0	0	0	0	0	0	0	0	0	0	0	0	0	0	0
"Res13-Lact-LEB3-37"	"LLEB337"	"chromosome"	"Escherichia fergusonii"	"O9 (98.69):H10 (100.0)"	"uidA"	46		"A"	"manure"	"A"	"AF1"	"AF1-3"	"sow"	"NA"	0	0	0	0	0	0	0	0	0	0	0	0	0	0	0	0	1	1	1	1	0	0	0	0	1	1	0	0	0	0	1	0	0	0	1	1	1	0	0	1	0	0	0	0	0	0	1	0	0	0	1	1	1	1	1	1	1	1	1	0	0	0	0	1	1	0	1	1	0	0	1	1	1	1	1	1	1	0	0	0	0	0	0	0	0	0	0	0	1	1	1	1	1	0	1	0	0	0	0	0	0	0	0	0	0	1	0	0	0	0	0	0	0	0	0	0	0	0	0	0	0	0	0	0	0	0	0	0	0
"Res13-Sevr-PEB02-10"	"NA"	"chromosome"	"Escherichia coli"	"O8 (99.59):H19 (100.0)"	"uidA"	88	2087	"C"	"feces"	"C"	"AF1"	"AF1-1"	"weaner"	4	0	0	0	0	0	0	0	0	0	0	0	0	0	0	1	1	1	1	1	1	0	0	0	0	0	1	0	0	0	0	1	0	0	0	1	1	1	0	0	2	0	0	0	0	0	0	1	0	0	0	1	1	1	1	1	2	1	1	1	0	0	0	0	1	1	0	1	1	0	0	0	1	1	1	1	1	1	0	0	0	0	0	0	0	0	0	0	0	1	1	1	1	1	0	1	0	1	0	0	0	0	1	0	0	0	1	0	0	0	1	0	0	0	0	1	0	0	0	0	0	0	0	0	0	0	0	0	1	0
"Res13-Lact-EC06-01"	"NA"	"chromosome"	"Escherichia coli"	"O6 (99.03):H21 (99.86)"	"uidA"			"D"	"feces"	"S"	"CV"	"CV-1"	"sow"	1	0	0	0	0	0	0	0	0	0	0	1	0	0	0	0	0	1	1	1	1	0	0	0	0	0	1	0	0	0	0	1	0	0	0	1	1	1	0	0	1	0	0	0	0	0	0	1	0	0	0	1	1	1	1	1	1	1	1	1	1	0	1	1	1	1	0	1	1	1	0	0	1	1	1	1	1	1	0	0	0	0	0	0	0	0	0	0	0	1	1	1	1	1	0	1	0	0	0	1	0	0	0	1	0	0	1	1	0	0	0	0	0	0	0	0	0	1	0	0	1	0	0	0	1	1	0	0	0	0
"Res13-Lact-EA26-10"	"LEA2610"	"chromosome"	"Escherichia coli"	"O21 (99.92):H21 (98.64)"	"uidA"	56	14734	"B1"	"feces"	"K"	"AF3"	"AF3-4"	"sow"	1	0	0	0	0	0	0	0	0	0	0	0	0	0	0	0	0	1	1	1	1	0	0	0	0	0	1	0	0	0	0	1	0	0	0	1	1	1	0	0	1	0	0	0	0	0	0	1	0	0	0	1	1	1	1	1	1	1	1	1	0	0	0	0	1	1	0	1	1	1	0	0	1	1	1	1	1	1	0	0	0	0	0	0	0	0	0	0	0	1	1	1	1	1	0	1	0	1	0	0	0	0	1	0	0	0	1	0	0	0	1	0	0	0	0	1	0	0	0	0	0	0	0	0	0	0	0	0	1	0
"Res13-Lact-PEA04-01"	"NA"	"chromosome"	"Escherichia coli"	"O82 (99.84):H31 (100.0)"	"uidA"	1252	33431	"B1"	"feces"	"J"	"AF3"	"AF3-1"	"suckler"	5	0	0	0	0	0	0	0	0	0	0	0	0	0	0	0	0	1	1	1	1	0	0	0	0	0	1	0	0	0	0	1	0	0	0	1	1	1	0	0	1	0	0	0	0	0	0	1	0	0	0	1	1	1	1	1	1	1	1	1	0	0	0	0	1	1	0	1	1	1	0	0	1	1	1	1	1	1	0	0	0	0	0	0	0	0	0	0	0	1	1	1	1	1	0	1	0	0	0	0	0	0	1	0	0	0	1	0	0	0	1	0	0	0	0	1	0	0	0	0	0	0	0	0	0	0	0	0	1	0
"Res13-Lact-ER07-18"	"LER0718"	"chromosome"	"Escherichia coli"	"O100 (100.0):H21 (99.86)"	"uidA"	101	1589	"B1"	"feces"	"E"	"AF2"	"AF2-1"	"sow"	1	0	0	0	0	0	0	0	0	0	0	0	0	0	0	0	0	1	1	1	1	0	0	0	0	0	1	0	0	0	0	1	0	0	0	1	1	1	0	0	1	1	0	0	0	0	0	1	0	0	0	1	1	1	1	1	1	1	1	1	0	0	0	0	1	1	0	1	1	0	0	0	1	1	1	1	1	1	0	0	0	0	0	0	0	0	0	0	0	1	1	1	1	1	0	1	0	1	0	0	0	0	1	0	0	0	1	0	0	0	1	0	0	0	0	1	0	0	0	0	0	0	0	0	0	0	0	0	1	0
"Res13-Croi-PEA24-40"	"CPEA2440"	"chromosome"	"Escherichia coli"	"ND"	"eae;hlyAEc;O145;uidA"	1034		"D"	"feces"	"P"	"AF3"	"AF3-4"	"grower"	5	0	0	0	0	0	0	0	0	0	0	0	0	0	0	0	0	1	1	1	1	0	0	0	0	0	1	0	0	0	0	1	0	0	0	1	1	1	0	0	2	0	0	0	0	0	0	1	0	0	0	1	1	0	1	1	1	1	1	1	0	0	0	0	1	1	0	1	1	1	0	0	1	1	1	1	1	1	0	0	0	0	0	0	0	0	0	0	0	1	1	1	1	1	0	1	0	0	0	0	0	0	1	0	0	0	1	0	0	0	1	0	0	0	0	1	0	0	0	0	0	0	0	0	0	0	0	0	1	0
"Res13-Lact-PEA10-41"	"LPEA1041"	"chromosome"	"Escherichia coli"	"O-untypeable:H16 (99.87)"	"eae;uidA"	603	34987	"B1"	"feces"	"K"	"AF3"	"AF3-2"	"suckler"	5	0	0	0	0	0	0	0	0	0	0	0	0	0	0	0	0	1	1	1	1	0	0	0	0	0	1	0	0	0	0	1	0	0	0	1	1	0	0	0	1	0	0	0	0	0	0	1	0	0	0	1	1	1	1	1	1	1	1	1	0	0	0	0	1	1	0	1	1	0	0	0	1	1	1	1	1	1	0	0	0	0	0	0	0	0	0	0	0	1	1	1	1	1	0	1	0	0	0	0	0	0	1	0	0	0	1	0	0	0	1	0	0	0	0	1	0	0	0	0	0	0	0	0	0	0	0	0	1	0
"Res13-Lact-PEB17-18"	"LPEB1718"	"chromosome"	"Escherichia coli"	"O20 (100.0):H12 (99.78)"	"uidA"	88	15305	"C"	"feces"	"A"	"AF1"	"AF1-3"	"suckler"	5	0	0	0	0	0	0	0	0	0	0	0	0	0	0	1	1	1	1	1	1	1	0	0	0	0	1	0	0	0	0	1	1	0	0	1	1	1	0	0	1	0	0	0	0	0	0	1	0	0	0	1	1	1	1	1	1	1	1	1	0	0	0	0	1	1	0	1	1	0	0	0	1	1	1	1	1	1	0	0	0	0	0	0	0	0	0	0	0	1	1	1	1	1	0	1	0	1	0	0	0	0	1	0	0	1	1	0	0	0	0	0	0	0	0	0	0	0	0	0	0	0	0	0	0	0	0	0	0	0
"Res13-Sevr-PEB04-11"	"NA"	"chromosome"	"Escherichia coli"	"O76 (100.0):H7 (100.0)"	"eae;uidA"	3550	59467	"B1"	"feces"	"C"	"AF1"	"AF1-1"	"weaner"	5	0	0	0	0	0	0	0	0	0	0	0	0	0	0	0	0	1	1	1	1	1	0	0	0	0	1	0	0	0	0	1	0	0	0	1	1	1	0	0	1	0	0	0	0	0	0	1	0	0	0	0	1	1	1	1	1	1	1	1	0	0	1	0	1	1	0	1	1	0	0	0	1	1	1	1	1	1	0	0	0	0	0	0	0	0	0	0	0	1	1	1	1	1	0	1	0	0	0	0	0	0	0	0	0	0	1	0	0	1	0	0	0	0	0	0	0	0	0	0	0	0	0	0	0	0	0	0	0	0
"Res13-Abat-PEA21-P1-02-B"	"NA"	"chromosome"	"Enterobacter sp."	"ND"	"ND"		"new"		"swab"	"U"	"AF3"	"AF3-3"	"carcass"	"NA"	0	1	0	0	0	0	0	0	0	0	0	0	0	0	0	0	0	1	0	0	0	0	0	0	0	0	0	0	0	0	1	0	0	1	0	0	1	0	0	2	0	0	1	0	0	0	0	0	0	0	0	1	0	0	1	0	0	0	0	0	0	0	0	1	0	0	0	0	0	0	0	0	0	1	0	1	0	0	0	0	0	0	0	0	0	0	0	0	1	0	0	0	0	0	1	1	0	0	0	0	0	0	0	0	0	0	0	0	0	0	0	0	0	0	0	0	0	0	0	0	0	0	0	0	0	0	0	0	0
"Res13-Abat-PEC04-P4b-01"	"NA"	"chromosome"	"Acinetobacter sp."	"ND"	"ND"	"new"	"new"		"swab"	"U"	"CV"	"CV-1"	"carcass"	"NA"	0	0	0	0	0	0	0	0	0	0	0	0	0	0	0	0	0	0	0	0	0	0	0	0	0	0	0	1	0	0	0	0	0	0	0	0	0	0	0	0	0	0	0	0	0	0	0	0	0	0	0	0	0	0	0	0	0	0	0	0	0	0	0	0	0	0	0	0	0	0	0	0	0	0	0	0	0	0	0	0	0	0	0	0	0	0	0	0	0	0	0	0	0	0	0	0	0	0	0	0	0	0	0	0	0	0	0	0	0	0	0	0	0	0	0	0	0	0	0	0	0	0	0	0	0	0	0	0	0
"Res13-Lact-PEB13-33"	"LPEB1333"	"chromosome"	"Escherichia coli"	"O82 (99.84):H31 (100.0)"	"uidA"	1252	33431	"B1"	"feces"	"B"	"AF1"	"AF1-2"	"suckler"	3	0	0	0	0	0	0	0	0	0	0	0	0	0	0	0	0	1	1	1	1	0	0	0	0	0	1	0	0	0	0	1	0	0	0	1	1	1	0	0	1	0	0	0	0	0	0	1	0	0	0	1	1	1	1	1	1	1	1	1	0	0	0	0	1	1	0	1	1	1	0	0	1	1	1	1	1	1	0	0	0	0	0	0	0	0	0	0	0	1	1	1	1	1	0	1	0	0	0	0	0	0	1	0	0	0	1	0	0	0	1	0	0	0	0	1	0	0	0	0	0	0	0	0	0	0	0	0	1	0
"Res13-Abat-PEA24-P5-01-A"	"APEA24P501A"	"chromosome"	"Enterobacter cloacae"	"ND"	"ND"		"new"		"swab"	"U"	"AF3"	"AF3-4"	"carcass"	"NA"	0	0	0	0	0	0	0	0	0	0	0	0	0	0	1	1	0	1	0	0	0	0	0	0	0	0	1	0	0	0	1	0	0	1	0	0	1	0	0	1	0	0	1	0	0	0	0	0	0	0	0	1	0	0	1	0	0	0	0	0	0	0	0	1	0	0	0	0	0	0	0	0	0	1	0	1	0	0	0	0	0	0	0	0	0	0	0	0	1	0	0	0	0	1	1	1	0	0	0	0	0	0	0	0	0	1	0	0	0	0	0	0	0	0	0	0	0	0	0	0	0	0	0	0	0	0	0	0	0
"Res13-Sevr-PEA12-35"	"NA"	"chromosome"	"Escherichia coli"	"O84 (99.93):H14 (98.85)"	"uidA"	2144	2221	"B1"	"feces"	"M"	"AF3"	"AF3-2"	"weaner"	5	0	0	0	0	0	0	0	0	0	0	0	0	0	0	1	1	1	1	1	1	0	0	0	0	0	1	0	0	0	0	1	1	0	0	1	1	1	0	0	2	0	0	0	0	0	0	1	0	0	0	1	1	1	1	1	1	1	1	1	0	0	1	1	1	1	0	1	1	1	0	0	1	1	1	1	1	1	0	0	0	0	0	0	0	0	0	0	0	1	1	1	1	1	0	1	0	0	0	0	0	0	0	0	0	0	1	0	0	0	0	0	1	0	0	0	0	0	0	0	0	0	0	0	0	0	0	0	0	0
"Res13-Sevr-LER2-36"	"SLER236"	"chromosome"	"Providencia rettgeri"	"ND"	"ND"	"new"	"new"		"manure"	"H"	"AF2"	"AF2-2"	"weaner"	"NA"	0	0	0	0	0	0	0	1	0	0	0	0	0	0	0	0	0	0	0	0	0	0	0	0	0	0	0	0	0	0	1	0	0	0	0	0	0	0	0	1	0	0	0	0	0	0	0	0	0	0	0	0	0	0	0	0	0	0	0	0	0	1	0	0	0	0	0	0	0	0	0	0	0	1	0	0	0	0	0	0	0	0	0	0	0	0	0	0	0	0	0	0	0	0	0	0	0	0	0	1	1	1	0	0	0	0	0	0	0	0	0	1	0	0	0	1	0	0	0	0	0	0	0	0	0	0	0	0	0
"Res13-Lact-PEB18-16"	"LPEB1816"	"chromosome"	"Escherichia coli"	"O20 (100.0):H12 (99.78)"	"uidA"	88	15305	"C"	"feces"	"A"	"AF1"	"AF1-3"	"suckler"	5	0	0	0	0	0	0	0	0	0	0	0	0	0	0	1	1	1	1	1	1	1	0	0	0	0	1	0	0	0	0	1	1	0	0	1	1	1	0	0	2	0	0	0	0	0	0	1	0	0	0	1	1	1	1	1	1	1	1	1	0	0	0	0	1	1	0	1	1	0	0	0	1	1	1	1	1	1	0	0	0	0	0	0	0	0	0	0	0	1	1	1	1	1	0	1	0	1	0	0	0	0	1	0	0	1	1	0	0	0	0	0	0	0	0	0	0	0	0	0	0	0	0	0	0	0	0	0	0	0
"Res13-Lact-EC02-01"	"LEC0201"	"chromosome"	"Citrobacter freundii"	"ND"	"ND"		79425		"feces"	"S"	"CV"	"CV-1"	"sow"	1	0	0	0	0	0	0	0	0	0	0	0	0	0	0	0	0	0	1	0	0	0	1	0	0	0	1	0	0	0	0	1	0	0	1	0	0	1	0	0	1	0	0	0	0	0	0	0	0	0	0	1	1	0	0	1	1	0	0	0	0	0	1	1	1	0	0	1	0	0	0	0	0	0	1	0	1	0	0	0	0	0	0	0	0	0	0	0	0	1	0	0	0	0	0	1	0	0	0	0	0	0	0	0	0	0	0	0	0	0	0	0	0	0	0	0	0	0	0	0	0	0	0	0	0	0	0	0	0	0
"Res13-Croi-PEB07-04"	"NA"	"chromosome"	"Escherichia coli"	"O8 (99.51):H9 (100.0)"	"uidA"	410	2095	"C"	"feces"	"C"	"AF1"	"AF1-1"	"grower"	3	0	0	0	0	0	0	0	0	0	0	0	0	0	0	0	0	1	1	1	1	1	0	0	0	0	1	0	0	0	0	1	0	0	0	1	1	1	0	0	0	0	0	0	0	0	0	1	0	0	0	1	1	1	1	1	1	1	1	1	0	0	1	1	1	1	0	1	1	0	0	0	1	1	1	1	1	1	0	0	0	0	0	0	0	0	0	0	0	1	1	1	1	1	0	1	0	0	0	0	0	0	0	0	0	0	1	0	0	0	0	0	0	0	0	0	0	0	0	0	0	0	0	0	0	0	0	0	0	0
"Res13-Lact-ER07-09"	"LER0709"	"chromosome"	"Escherichia coli"	"O176 (100.0):H4 (99.9)"	"ND"	5926	"new"	"E"	"feces"	"E"	"AF2"	"AF2-1"	"sow"	1	0	0	0	0	0	0	0	0	0	0	0	0	0	0	1	1	1	1	1	1	1	0	0	0	0	1	0	0	0	0	1	0	0	0	1	1	1	0	0	1	0	0	0	0	0	0	0	0	0	0	1	1	1	1	1	1	1	1	1	0	0	1	1	1	1	0	1	1	1	0	0	1	1	1	1	1	1	0	0	0	0	0	0	0	0	0	0	0	1	1	1	1	1	0	1	0	0	0	0	0	0	1	0	0	0	1	0	0	0	0	0	1	0	0	0	0	0	0	0	0	0	0	0	0	0	0	0	0	0
"Res13-Lact-EA09-41"	"NA"	"chromosome"	"Escherichia coli"	"O21 (99.92):H21 (98.64)"	"uidA"	56	14734	"B1"	"feces"	"K"	"AF3"	"AF3-2"	"sow"	1	0	0	0	0	0	0	0	0	0	0	1	0	0	0	0	0	1	1	1	1	0	0	0	0	0	1	0	0	0	0	1	1	0	0	1	1	1	0	0	1	0	0	0	0	0	0	1	0	0	0	1	1	1	1	1	1	1	1	1	0	0	0	0	1	1	0	1	1	1	0	0	1	1	1	1	1	1	0	0	0	0	0	0	0	0	0	0	0	1	1	1	1	1	0	1	0	1	0	0	0	1	0	0	1	0	1	0	0	0	0	0	0	0	0	0	0	0	0	0	0	0	0	0	0	0	0	0	0	0
"Res13-Lact-ER14-24"	"NA"	"chromosome"	"Escherichia coli"	"O112ab (93.82):H8 (100.0)"	"uidA"	75		"B1"	"feces"	"F"	"AF2"	"AF2-2"	"sow"	1	0	0	0	0	0	0	0	0	0	0	0	0	0	0	1	1	1	1	1	1	0	0	0	0	0	1	0	0	0	0	1	0	0	0	1	1	1	0	0	0	0	1	0	0	0	0	1	0	0	0	1	1	1	1	1	1	1	1	1	0	0	1	1	1	1	0	1	1	0	0	0	1	1	1	1	1	1	0	0	0	0	0	0	0	0	0	0	0	1	1	1	1	1	0	1	0	1	0	0	0	0	1	0	0	0	1	0	0	0	1	0	0	0	0	1	0	0	0	0	0	0	0	0	0	0	0	0	1	0
"Res13-Lact-PEB03-33"	"NA"	"chromosome"	"Escherichia coli"	"O8 (97.91):H30 (99.3)"	"uidA"	710		"A"	"feces"	"A"	"AF1"	"AF1-1"	"suckler"	4	0	0	0	0	0	0	0	0	0	0	0	0	0	0	1	1	1	1	1	1	0	0	0	0	0	1	0	0	0	0	1	1	0	0	1	1	1	0	0	1	0	0	0	0	0	0	1	0	0	0	1	1	1	1	1	1	1	1	1	0	0	0	0	1	1	0	1	1	0	0	0	1	1	1	1	1	1	1	0	0	0	0	0	0	0	0	0	0	1	1	1	1	1	0	1	0	0	0	0	0	0	0	0	0	0	1	0	0	0	0	0	0	0	0	0	0	0	0	0	0	0	0	0	0	0	0	0	0	0
"Res13-Fini-PER09-15"	"NA"	"chromosome"	"Escherichia coli"	"O39 (99.92):H21 (99.86)"	"uidA"	101	1589	"B1"	"feces"	"I"	"AF2"	"AF2-2"	"finisher"	2	0	0	0	0	0	0	0	0	0	0	0	0	0	0	0	0	1	1	1	1	1	0	0	0	0	1	0	0	0	0	1	0	0	0	1	1	1	0	0	1	0	0	0	0	0	0	1	0	0	0	1	1	1	1	1	1	1	1	1	0	0	0	0	1	1	0	1	1	1	0	0	1	1	1	1	1	1	2	0	0	0	0	0	0	0	0	0	0	1	1	1	1	1	0	1	0	1	0	0	0	0	0	0	0	0	1	0	0	0	0	0	0	0	0	0	0	0	0	0	0	0	0	0	0	0	0	0	0	0
"Res13-Croi-PER05-33"	"NA"	"chromosome"	"Escherichia coli"	"O6 (99.03):H21 (99.86)"	"uidA"			"D"	"feces"	"G"	"AF2"	"AF2-1"	"grower"	5	0	0	0	0	0	0	0	0	0	0	1	0	0	0	0	0	1	1	1	1	0	0	0	0	0	1	0	0	0	0	1	0	0	0	1	1	1	0	0	1	0	0	0	0	0	0	1	0	0	0	1	1	1	1	1	1	1	1	1	1	0	1	1	1	1	0	1	1	1	0	0	1	1	1	1	1	1	0	0	0	0	0	0	0	0	0	0	0	1	1	1	1	1	0	1	0	0	0	1	0	0	0	1	0	0	1	1	0	0	0	0	0	0	0	0	0	1	0	0	1	0	0	0	1	1	0	0	0	0
"Res13-Lact-ER02-39"	"LER0239"	"chromosome"	"Escherichia coli"	"O-untypeable:H4 (100.0)"	"uidA"	761	"new"	"A"	"feces"	"E"	"AF2"	"AF2-1"	"sow"	1	1	0	0	0	0	0	0	0	0	0	1	0	0	0	1	1	1	1	1	1	0	0	0	0	0	1	0	0	0	0	1	0	0	0	1	1	1	0	0	1	0	0	0	0	0	0	1	0	0	0	1	1	1	0	1	1	1	1	1	0	0	1	1	1	1	0	1	1	0	0	0	1	1	1	1	1	1	1	0	0	0	0	0	0	0	0	0	0	1	1	1	1	1	0	1	0	1	0	0	0	1	2	0	0	0	1	0	0	0	1	0	1	0	0	1	0	0	0	0	0	0	0	0	0	0	0	0	1	0
"Res13-Sevr-PEA18-33"	"SPEA1833"	"chromosome"	"Escherichia coli"	"O8 (99.59):H19 (100.0)"	"uidA"	88	2087	"C"	"feces"	"N"	"AF3"	"AF3-3"	"weaner"	5	0	0	0	0	0	0	0	0	0	0	0	0	0	0	1	1	1	1	1	1	0	0	0	0	0	1	0	0	0	0	1	0	0	0	1	1	1	0	0	0	0	0	0	0	0	0	1	0	0	0	1	1	1	1	1	2	1	1	1	0	0	0	0	1	1	0	1	1	0	0	0	1	1	1	1	1	1	0	0	0	0	0	0	0	0	0	0	0	1	1	1	1	1	0	1	0	1	0	0	0	0	1	0	0	0	1	0	0	0	1	0	0	0	0	1	0	0	0	0	0	0	0	0	0	0	0	0	1	0
"Res13-Lact-PER04-34"	"LPER0434"	"chromosome"	"Escherichia coli"	"O-untypeable:H4 (100.0)"	"uidA"	761	"new"	"A"	"feces"	"E"	"AF2"	"AF2-1"	"suckler"	2	1	0	0	0	0	0	0	0	0	0	1	0	0	0	1	1	1	1	1	1	0	0	0	0	0	1	0	0	0	0	1	0	0	0	1	1	1	0	0	0	0	0	0	0	0	0	1	0	0	0	1	1	1	0	1	1	1	1	1	0	0	1	1	1	1	0	1	1	0	0	0	1	1	1	1	1	1	1	0	0	0	0	0	0	0	0	0	0	1	1	1	1	1	0	1	0	1	0	0	0	1	2	0	0	0	1	0	0	0	1	0	1	0	0	1	0	0	0	0	0	0	0	0	0	0	0	0	1	0
"Res13-Abat-PEC14-P4-01"	"NA"	"chromosome"	"Acinetobacter sp."	"ND"	"ND"		"new"		"swab"	"U"	"CV"	"CV-2"	"carcass"	"NA"	0	0	0	0	0	0	0	0	0	0	0	0	0	0	0	0	0	0	0	0	0	0	0	0	0	0	0	1	0	0	0	0	0	0	0	0	0	0	0	0	0	0	0	0	0	0	0	0	0	0	0	0	0	0	0	0	0	0	0	0	0	0	0	0	0	0	0	0	0	0	0	0	0	0	0	0	0	0	0	0	0	0	0	0	0	0	0	0	0	0	0	0	0	0	0	0	0	0	0	0	0	0	0	0	0	0	0	0	0	0	0	0	0	0	0	0	0	0	0	0	0	0	0	0	0	0	0	0	0
"Res13-Lact-PER01-38"	"LPER0138"	"chromosome"	"Escherichia coli"	"O-untypeable:H4 (100.0)"	"uidA"	761	"new"	"A"	"feces"	"E"	"AF2"	"AF2-1"	"suckler"	4	1	0	0	0	0	0	0	0	0	0	1	0	0	0	1	1	1	1	1	1	0	0	0	0	0	1	0	0	0	0	1	0	0	0	1	1	1	0	0	0	0	0	0	0	0	0	1	0	0	0	1	1	1	0	1	1	1	1	1	0	0	1	1	1	1	0	1	1	0	0	0	1	1	1	1	1	1	1	0	0	0	0	0	0	0	0	0	0	1	1	1	1	1	0	1	0	1	0	0	0	1	2	0	0	0	1	0	0	0	1	0	1	0	0	1	0	0	0	0	0	0	0	0	0	0	0	0	1	0
"Res13-Lact-EA22-14"	"LEA2214"	"chromosome"	"Escherichia coli"	"O-untypeable:H16 (99.87)"	"eae;uidA"	603	34987	"B1"	"feces"	"K"	"AF3"	"AF3-4"	"sow"	1	0	0	0	0	0	0	0	0	0	0	0	0	0	0	0	0	1	1	1	1	0	0	0	0	0	1	0	0	0	0	1	0	0	0	1	1	0	0	0	0	0	0	0	0	0	0	1	0	0	0	1	1	1	1	1	1	1	1	1	0	0	0	0	1	1	0	1	1	0	0	0	1	1	1	1	1	1	0	0	0	0	0	0	0	0	0	0	0	1	1	1	1	1	0	1	0	0	0	0	0	0	1	0	0	0	1	0	0	0	1	0	0	0	0	1	0	0	0	0	0	0	0	0	0	0	0	0	1	0
"Res13-Croi-PEB06-38"	"NA"	"chromosome"	"Escherichia coli"	"O8 (100.0):H9 (98.21)"	"uidA"	1139		"A"	"feces"	"C"	"AF1"	"AF1-1"	"grower"	5	0	0	0	0	0	0	0	0	0	0	1	0	0	0	0	0	1	1	1	1	0	0	0	0	0	1	0	0	0	0	1	1	0	0	1	1	1	0	0	1	0	0	0	0	0	0	1	0	0	0	1	1	1	1	1	1	1	1	1	1	0	1	1	1	1	0	1	1	0	0	0	1	1	1	1	1	1	0	0	0	0	0	0	0	0	0	0	0	1	1	1	1	1	0	1	0	0	0	1	0	0	0	0	0	0	1	1	0	0	0	1	0	0	0	0	0	0	0	0	1	0	0	0	1	0	0	0	0	0
"Res13-Lact-PEA18-23"	"LPEA1823"	"chromosome"	"Escherichia coli"	"O157 (100.0):H16 (100.0)"	"O157"	5502	2038	"A"	"feces"	"K"	"AF3"	"AF3-3"	"suckler"	5	0	0	0	0	0	0	0	0	0	0	0	0	0	0	0	0	1	1	1	1	0	0	0	0	0	1	0	0	0	0	1	0	0	0	1	2	1	0	0	0	0	0	0	0	0	0	1	0	0	0	1	1	1	1	1	1	1	1	1	0	0	0	0	1	1	0	1	1	1	0	0	1	0	1	1	1	1	0	0	0	0	0	0	0	0	0	0	0	1	1	1	1	1	0	1	0	1	0	0	0	0	1	0	0	0	1	0	0	0	1	0	0	0	0	1	0	0	0	0	0	0	0	0	0	0	0	0	1	0
"Res13-Lact-PEC05-01"	"NA"	"chromosome"	"Escherichia coli"	"O-untypeable:H12 (99.78)"	"uidA"	88	2087	"C"	"feces"	"S"	"CV"	"CV-1"	"suckler"	5	0	0	0	0	0	0	0	0	0	0	0	0	0	0	1	1	1	1	1	1	0	0	0	0	0	1	0	0	0	0	1	1	0	0	1	2	1	0	0	1	0	0	0	0	0	0	1	0	0	0	1	1	1	1	1	1	1	2	1	0	0	1	0	1	1	0	1	1	0	0	0	1	1	1	1	1	1	0	0	0	0	0	0	0	0	0	0	0	1	1	1	1	1	0	1	0	2	0	0	0	0	1	1	0	1	1	0	0	0	0	0	0	0	0	0	0	0	0	0	0	0	0	0	0	0	0	0	0	0
"Res13-Fini-PER01-38"	"NA"	"chromosome"	"Escherichia coli"	"O157 (100.0):H16 (100.0)"	"O157"	5502	2038	"A"	"feces"	"I"	"AF2"	"AF2-1"	"finisher"	1	0	0	0	0	0	0	0	0	0	0	0	0	0	0	0	0	1	1	1	1	0	0	0	0	0	1	0	0	0	0	1	0	0	0	1	2	1	0	0	2	0	0	0	0	0	0	1	0	0	0	1	1	1	1	1	1	1	1	1	0	0	0	0	1	1	0	1	1	1	0	0	1	0	1	1	1	1	0	0	0	0	0	0	0	0	0	0	0	1	1	1	1	1	0	1	0	1	0	0	0	0	1	0	0	0	1	0	0	0	1	0	0	0	0	1	0	0	0	0	0	0	0	0	0	0	0	0	1	0
"Res13-Croi-PEB01-41"	"NA"	"chromosome"	"Escherichia fergusonii"	"O5 (99.92):H-untypeable"	"ND"			"fergusonii"	"feces"	"C"	"AF1"	"AF1-1"	"grower"	4	0	0	0	0	0	0	0	0	0	0	0	0	0	0	0	0	1	1	1	1	0	0	0	0	0	1	0	0	0	0	1	1	0	0	1	1	1	0	1	2	0	0	0	0	0	0	0	0	0	0	0	0	0	0	1	1	0	0	0	0	0	0	0	1	0	0	0	0	1	0	0	0	0	1	1	1	1	0	0	0	0	0	0	0	0	0	0	0	1	1	0	1	0	0	1	0	0	0	0	0	0	0	0	0	0	1	0	0	0	0	0	0	0	0	0	0	0	0	0	0	0	0	0	0	0	0	0	0	0
"Res13-Lact-PEA03-11"	"NA"	"chromosome"	"Escherichia coli"	"O112ab (98.85):H8 (100.0)"	"uidA"	75		"B1"	"feces"	"J"	"AF3"	"AF3-1"	"suckler"	5	0	0	0	0	0	0	0	0	0	0	0	0	0	0	1	1	1	1	1	1	0	0	0	0	0	1	0	0	0	0	1	0	0	0	1	1	1	0	0	0	0	1	0	0	0	0	1	0	0	0	1	1	1	1	1	1	1	1	1	0	0	1	1	1	1	0	1	1	0	0	0	1	1	1	1	1	1	0	0	0	0	0	0	0	0	0	0	0	1	1	1	1	1	0	1	0	1	0	0	0	0	1	0	0	0	1	0	0	0	1	0	0	0	0	1	0	0	0	0	0	0	0	0	0	0	0	0	1	0
"Res13-Fini-PEC04-33"	"NA"	"chromosome"	"Escherichia coli"	"O-untypeable:H10 (99.29)"	"uidA"	2705	1743	"A"	"feces"	"S"	"CV"	"CV-1"	"finisher"	5	0	0	0	0	0	0	0	0	0	0	0	0	0	0	0	0	1	1	1	1	0	0	0	0	0	1	0	0	0	0	1	1	0	0	1	1	1	0	0	1	0	0	0	0	0	0	1	0	0	0	1	1	1	1	1	1	1	1	1	0	0	0	0	1	1	0	1	1	0	0	0	1	1	1	1	1	1	0	0	0	0	0	0	0	0	0	0	0	1	1	1	1	1	0	1	0	1	0	0	0	0	0	0	0	0	1	0	0	0	0	0	0	0	0	0	0	0	0	0	0	0	0	0	0	0	0	0	0	0
"Res13-Abat-PEA24-P4-02"	"NA"	"chromosome"	"Enterobacter cloacae"	"ND"	"ND"				"swab"	"U"	"AF3"	"AF3-4"	"carcass"	"NA"	0	0	0	0	0	0	0	0	0	0	0	0	0	0	1	1	0	1	0	0	0	0	0	0	0	0	1	0	0	0	1	0	0	1	0	0	1	0	0	1	0	0	1	0	0	0	0	0	0	0	0	1	0	0	1	0	0	0	0	0	0	0	0	1	0	0	0	0	0	0	0	0	0	1	0	1	0	0	0	0	0	0	0	0	0	0	0	0	1	0	0	0	0	1	1	1	0	0	0	0	0	0	0	0	0	1	0	0	0	0	0	0	0	0	0	0	0	0	0	0	0	0	0	0	0	0	0	0	0
"Res13-Lact-PEA14-20"	"LPEA1420"	"chromosome"	"Escherichia coli"	"O-untypeable:H16 (99.87)"	"eae;uidA"	603	34987	"B1"	"feces"	"K"	"AF3"	"AF3-2"	"suckler"	5	0	0	0	0	0	0	0	0	0	0	0	0	0	0	0	0	1	1	1	1	0	0	0	0	0	1	0	0	0	0	1	0	0	0	1	1	0	0	0	0	0	0	0	0	0	0	1	0	0	0	1	1	1	1	1	1	1	1	1	0	0	0	0	1	1	0	1	1	0	0	0	1	1	1	1	1	1	0	0	0	0	0	0	0	0	0	0	0	1	1	1	1	1	0	1	0	0	0	0	0	0	1	0	0	0	1	0	0	0	1	0	0	0	0	1	0	0	0	0	0	0	0	0	0	0	0	0	1	0
"Res13-Fini-PER14-11"	"NA"	"chromosome"	"Escherichia coli"	"O39 (99.92):H21 (99.86)"	"uidA"	101	1589	"B1"	"feces"	"I"	"AF2"	"AF2-2"	"finisher"	1	0	0	0	0	0	0	0	0	0	0	0	0	0	0	0	0	1	1	1	1	1	0	0	0	0	1	0	0	0	0	1	0	0	0	1	1	1	0	0	1	0	0	0	0	0	0	1	0	0	0	1	1	1	1	1	1	1	1	1	0	0	0	0	1	1	0	1	1	1	0	0	1	1	1	1	1	1	2	0	0	0	0	0	0	0	0	0	0	1	1	1	1	1	0	1	0	1	0	0	0	0	0	0	0	0	1	0	0	0	0	0	0	0	0	0	0	0	0	0	0	0	0	0	0	0	0	0	0	0
"Res13-Croi-PEC04-13"	"CPEC0413"	"chromosome"	"Escherichia coli"	"O24 (100.0):H4 (100.0)"	"uidA"	117	14771	"G"	"feces"	"S"	"CV"	"CV-1"	"grower"	4	0	0	0	0	0	0	0	0	0	0	0	0	1	0	1	1	1	1	1	1	1	0	0	0	0	1	0	0	0	0	1	1	0	0	1	1	1	0	1	1	0	0	0	0	0	0	0	0	0	0	1	1	1	1	1	1	1	1	1	0	0	1	0	1	1	0	1	1	1	0	0	1	1	1	1	1	1	0	0	0	0	0	0	0	0	0	0	0	1	1	1	1	1	0	1	0	1	0	0	0	1	1	0	1	0	1	0	0	0	0	0	0	0	0	0	0	0	1	0	0	0	0	0	0	0	0	0	0	0
"Res13-Lact-PER13-36"	"LPER1336"	"chromosome"	"Escherichia coli"	"O167 (99.37):H26 (98.63)"	"uidA"	5135	34220	"D"	"feces"	"F"	"AF2"	"AF2-2"	"suckler"	4	0	0	0	0	0	0	0	0	0	0	0	0	0	0	0	0	1	1	1	1	0	0	0	0	0	1	0	0	0	0	1	0	0	0	1	1	1	0	1	1	0	0	0	0	0	0	0	0	0	0	1	1	1	1	1	1	1	1	1	0	0	0	0	1	1	0	1	1	0	0	0	1	1	1	1	1	1	0	0	0	0	0	0	0	0	0	0	0	1	1	1	1	1	0	1	0	1	0	0	0	0	1	0	0	0	1	0	0	0	1	0	0	0	0	1	0	0	0	0	0	0	0	0	0	0	0	0	1	0
"Res13-Fini-PEA22-05"	"FPEA2205"	"chromosome"	"Escherichia coli"	"O8 (99.51):H9 (99.9)"	"uidA"	88	14767	"C"	"feces"	"P"	"AF3"	"AF3-4"	"finisher"	5	0	0	0	0	0	0	0	0	0	0	0	0	0	0	0	0	1	1	1	1	0	0	0	0	0	1	0	0	0	0	1	0	0	0	1	1	1	0	0	1	0	0	0	0	0	0	1	0	0	0	1	1	1	1	1	1	1	1	1	0	0	0	0	1	1	0	1	1	0	0	0	1	1	1	1	1	1	0	0	0	0	0	0	0	0	0	0	0	1	1	1	1	1	0	1	0	0	0	0	0	0	1	0	0	0	1	0	0	0	0	0	0	0	0	0	0	0	0	0	0	0	0	0	0	0	0	0	0	0
"Res13-Croi-PER07-22"	"NA"	"chromosome"	"Escherichia coli"	"O-untypeable:H4 (100.0)"	"uidA"	117	1658	"G"	"feces"	"G"	"AF2"	"AF2-1"	"grower"	4	0	0	0	0	0	0	0	0	0	0	0	0	0	0	1	1	1	1	1	1	1	0	0	0	0	1	0	0	0	0	1	0	0	0	1	1	1	0	1	1	0	0	0	0	0	0	0	0	0	0	1	1	0	1	1	1	1	1	1	0	0	1	1	1	1	0	1	1	1	0	0	1	1	1	1	1	1	0	0	0	0	0	0	0	0	0	0	0	1	1	1	1	1	0	1	0	1	0	0	0	0	0	0	0	0	1	0	0	0	0	0	0	0	0	0	0	0	0	0	0	0	0	0	0	0	0	0	0	0
"Res13-Lact-PEB14-36"	"LPEB1436"	"chromosome"	"Escherichia coli"	"O-untypeable:H11 (99.39)"	"uidA"	48	29740	"A"	"feces"	"B"	"AF1"	"AF1-2"	"suckler"	4	0	0	0	0	0	0	0	0	0	0	0	0	0	0	0	0	1	1	1	1	0	0	0	0	0	0	0	0	0	0	1	0	0	0	1	1	1	0	0	2	0	0	0	0	0	0	1	0	0	0	1	1	0	1	1	1	1	1	1	0	0	1	1	1	1	0	1	1	0	0	0	1	1	1	1	1	1	1	0	0	0	0	0	0	0	0	0	0	1	1	2	1	1	0	1	0	0	0	0	0	0	1	0	0	0	1	0	0	0	1	0	0	0	0	1	0	0	0	0	0	0	0	0	0	0	0	0	1	0
"Res13-Croi-PEC02-03"	"CPEC0203"	"chromosome"	"Escherichia coli"	"O24 (100.0):H4 (100.0)"	"uidA"	117	14771	"G"	"feces"	"S"	"CV"	"CV-1"	"grower"	5	0	0	0	0	0	0	0	0	0	0	0	0	1	0	1	1	1	1	1	1	1	0	0	0	0	1	0	0	0	0	1	1	0	0	1	1	1	0	1	1	0	0	0	0	0	0	0	0	0	0	1	1	1	1	1	1	1	1	1	0	0	1	0	1	1	0	1	1	1	0	0	1	1	1	1	1	1	0	0	0	0	0	0	0	0	0	0	0	1	1	1	1	1	0	1	0	1	0	0	0	1	1	0	1	0	1	0	0	0	0	0	0	0	0	0	0	0	1	0	0	0	0	0	0	0	0	0	0	0
"Res13-Lact-PER02-34"	"LPER0234"	"chromosome"	"Escherichia coli"	"O-untypeable:H4 (100.0)"	"uidA"	761	"new"	"A"	"feces"	"E"	"AF2"	"AF2-1"	"suckler"	4	1	0	0	0	0	0	0	0	0	0	1	0	0	0	1	1	1	1	1	1	0	0	0	0	0	1	0	0	0	0	1	0	0	0	1	1	1	0	0	2	0	0	0	0	0	0	1	0	0	0	1	1	1	0	1	1	1	1	1	0	0	1	1	1	1	0	1	1	0	0	0	1	1	1	1	1	1	1	0	0	0	0	0	0	0	0	0	0	1	1	1	1	1	0	1	0	1	0	0	0	1	2	0	0	0	1	0	0	0	1	0	1	0	0	1	0	0	0	0	0	0	0	0	0	0	0	0	1	0
"Res13-Lact-PEA13-17"	"LPEA1317"	"chromosome"	"Escherichia coli"	"O118/O151;O151 (100.0):H25 (100.0)"	"uidA"	1684	38759	"A"	"feces"	"K"	"AF3"	"AF3-2"	"suckler"	5	0	0	0	0	0	0	0	0	0	0	0	0	0	0	0	0	1	1	1	1	0	0	0	0	0	1	0	0	0	0	1	0	0	0	1	1	1	0	0	1	0	0	0	0	0	0	1	0	0	0	1	1	1	1	1	1	1	1	1	0	0	1	0	1	1	0	1	1	1	0	0	1	1	1	1	1	1	0	0	0	0	0	0	0	0	0	0	0	1	1	1	1	1	0	1	0	0	0	0	0	0	1	0	0	0	1	0	0	0	1	0	0	0	0	1	0	0	0	0	0	0	0	0	0	0	0	0	0	0
"Res13-Lact-EB14-35"	"NA"	"chromosome"	"Escherichia coli"	"O-untypeable:H11 (99.39)"	"uidA"	48	29740	"A"	"feces"	"B"	"AF1"	"AF1-2"	"sow"	1	0	0	0	0	0	0	0	0	0	0	0	0	0	0	0	0	1	1	1	1	0	0	0	0	0	0	0	0	0	0	1	1	0	0	1	1	1	0	0	2	0	0	0	0	0	0	1	0	0	0	1	1	0	1	1	1	1	1	1	0	0	1	1	1	1	0	1	1	0	0	0	1	1	1	1	1	1	1	0	0	0	0	0	0	0	0	0	0	1	1	2	1	1	0	1	0	0	0	0	0	0	0	0	0	0	1	0	0	0	0	0	0	0	0	0	0	0	0	0	0	0	0	0	0	0	0	0	0	0
"Res13-Sevr-PEB17-31"	"NA"	"chromosome"	"Escherichia coli"	"O9 (98.69):H10 (100.0)"	"uidA"	46		"A"	"feces"	"D"	"AF1"	"AF1-3"	"weaner"	4	0	0	0	0	0	0	0	0	0	0	0	0	0	0	0	0	1	1	1	1	0	0	0	0	1	1	0	0	0	0	1	0	0	0	1	1	1	0	0	1	0	0	0	0	0	0	1	0	0	0	1	1	1	1	1	1	1	1	1	0	0	0	0	1	1	0	1	1	0	0	1	1	1	1	1	1	1	0	0	0	0	0	0	0	0	0	0	0	1	1	1	1	1	0	1	0	0	0	0	0	0	0	0	0	0	1	0	0	0	0	0	0	0	0	0	0	0	0	0	0	0	0	0	0	0	0	0	0	0
"Res13-Sevr-LER1-36-B"	"NA"	"chromosome"	"Serratia sp."	"ND"	"ND"	"new"	"new"		"manure"	"G"	"AF2"	"AF2-1"	"weaner"	"NA"	0	0	0	0	0	2	0	0	0	0	0	0	0	0	0	0	0	0	0	0	0	0	0	0	0	0	0	0	0	0	2	0	0	0	0	0	0	0	0	0	0	0	0	0	0	0	0	0	0	0	0	0	0	0	0	0	0	0	0	0	0	0	0	0	0	0	0	0	0	0	0	0	0	2	0	0	0	0	0	0	0	0	0	0	0	0	0	0	0	0	0	0	0	0	0	0	0	0	0	0	0	0	0	0	0	0	0	0	0	0	0	0	0	0	0	0	0	0	0	0	0	0	0	0	0	0	0	0	0
"Res13-Abat-PEA24-P5-01"	"NA"	"chromosome"	"Enterobacter cloacae"	"ND"	"ND"	"new"	"new"		"swab"	"U"	"AF3"	"AF3-4"	"carcass"	"NA"	0	0	0	0	0	0	0	0	0	0	0	0	0	0	1	1	0	1	0	0	0	0	0	0	0	0	1	0	0	0	1	0	0	1	0	0	1	0	0	1	0	0	1	0	0	0	0	0	0	0	0	1	0	0	1	0	0	0	0	0	0	0	0	1	0	0	0	0	0	0	0	0	0	1	0	1	0	0	0	0	0	0	0	0	0	0	0	0	1	0	0	0	0	1	1	1	0	0	0	0	0	0	0	0	0	1	0	0	0	0	0	0	0	0	0	0	0	0	0	0	0	0	0	0	0	0	0	0	0
"Res13-Lact-PER11-05"	"NA"	"chromosome"	"Escherichia coli"	"O9 (98.69):H10 (100.0)"	"uidA"	46		"A"	"feces"	"F"	"AF2"	"AF2-2"	"suckler"	5	0	0	0	0	0	0	0	0	0	0	0	0	0	0	0	0	1	1	1	1	0	0	0	0	1	1	0	0	0	0	1	0	0	0	1	1	1	0	0	1	0	0	0	0	0	0	1	0	0	0	1	1	1	1	1	1	1	1	1	0	0	0	0	1	1	0	1	1	0	0	1	1	1	1	1	1	1	0	0	0	0	0	0	0	0	0	0	0	1	1	1	1	1	0	1	0	0	0	0	0	0	0	0	0	0	1	0	0	0	0	0	0	0	0	0	0	0	0	0	0	0	0	0	0	0	0	0	0	0
"Res13-Lact-PEB16-04"	"NA"	"chromosome"	"Escherichia coli"	"O8 (99.51):H9 (100.0)"	"uidA"	410	2095	"C"	"feces"	"A"	"AF1"	"AF1-3"	"suckler"	4	0	0	0	0	0	0	0	0	0	0	0	0	0	0	0	0	1	1	1	1	0	0	0	0	0	1	0	0	0	0	1	1	0	0	1	1	1	0	0	2	0	0	0	0	0	0	1	0	0	0	1	1	1	1	1	1	1	1	1	0	0	1	0	1	1	0	1	1	0	0	0	1	1	1	1	1	1	0	0	0	0	0	0	0	0	0	0	0	1	1	1	1	1	0	1	0	0	0	0	0	0	0	0	0	0	1	0	0	0	0	0	0	0	0	0	0	0	0	0	0	0	0	0	0	0	0	0	0	0
"Res13-Fini-PEC11-01"	"FPEC1101"	"chromosome"	"Escherichia coli"	"O24 (100.0):H4 (100.0)"	"uidA"	117	14771	"G"	"feces"	"T"	"CV"	"CV-2"	"finisher"	3	0	0	0	0	0	0	0	0	0	0	0	0	1	0	1	1	1	1	1	1	1	0	0	0	0	1	0	0	0	0	1	1	0	0	1	1	1	0	1	1	0	0	0	0	0	0	0	0	0	0	1	1	1	1	1	1	1	1	1	0	0	1	0	1	1	0	1	1	1	0	0	1	1	1	1	1	1	0	0	0	0	0	0	0	0	0	0	0	1	1	1	1	1	0	1	0	1	0	0	0	1	1	0	1	0	1	0	0	0	0	0	0	0	0	0	0	0	1	0	0	0	0	0	0	0	0	0	0	0
"Res13-Lact-PEB05-01"	"NA"	"chromosome"	"Escherichia coli"	"O86 (100.0):H-untypeable"	"uidA"	101	1589	"B1"	"feces"	"A"	"AF1"	"AF1-1"	"suckler"	5	0	0	0	0	0	0	0	0	0	0	0	0	0	0	0	0	1	1	1	1	0	0	0	0	0	1	0	0	0	0	1	1	0	0	1	1	1	0	0	1	0	0	0	0	0	0	1	0	0	0	1	1	1	1	1	1	1	1	1	0	0	1	1	1	1	0	1	1	1	0	0	1	1	1	1	1	1	0	0	0	0	0	0	0	0	0	0	0	1	1	1	1	1	0	1	0	1	0	0	0	0	1	0	0	0	1	0	0	0	1	0	0	0	0	1	0	0	0	0	0	0	0	0	0	0	0	0	1	0
"Res13-Lact-PEB17-17"	"LPEB1717"	"chromosome"	"Escherichia fergusonii"	"O9 (98.69):H10 (100.0)"	"uidA"	46		"A"	"feces"	"A"	"AF1"	"AF1-3"	"suckler"	5	0	0	0	0	0	0	0	0	0	0	0	0	0	0	0	0	1	1	1	1	0	0	0	0	1	1	0	0	0	0	1	0	0	0	1	1	1	0	0	0	0	0	0	0	0	0	1	0	0	0	1	1	1	1	1	1	1	1	1	0	0	0	0	1	1	0	1	1	0	0	1	1	1	1	1	1	1	0	0	0	0	0	0	0	0	0	0	0	1	1	1	1	1	0	1	0	0	0	0	0	0	0	0	0	0	1	0	0	0	0	0	0	0	0	0	0	0	0	0	0	0	0	0	0	0	0	0	0	0
"Res13-Lact-PEA06-10"	"LPEA0610"	"chromosome"	"Escherichia coli"	"O-untypeable:H4 (100.0)"	"uidA"	761	"new"	"A"	"feces"	"J"	"AF3"	"AF3-1"	"suckler"	5	1	0	0	0	0	0	0	0	0	1	0	0	0	0	1	1	1	1	1	1	0	0	0	0	0	1	0	0	0	0	1	0	0	0	1	1	1	0	0	1	0	0	0	0	0	0	1	0	0	0	1	1	1	0	1	1	1	1	1	0	0	1	1	1	1	0	1	1	0	0	0	1	1	1	1	1	1	1	0	0	0	0	0	0	0	0	0	0	1	1	1	1	1	0	1	0	1	0	0	0	1	2	0	0	0	1	0	0	0	1	0	1	0	0	1	0	0	0	0	0	0	0	0	0	0	0	0	1	0
"Res13-Lact-ER07-27"	"LER0727"	"chromosome"	"Escherichia coli"	"O-untypeable:H4 (100.0)"	"uidA"	761	"new"	"A"	"feces"	"E"	"AF2"	"AF2-1"	"sow"	1	1	0	0	0	0	0	0	0	0	1	0	0	0	0	1	1	1	1	1	1	0	0	0	0	0	1	0	0	0	0	1	0	0	0	1	1	1	0	0	0	0	0	0	0	0	0	1	0	0	0	1	1	1	0	1	1	1	1	1	0	0	0	1	1	1	0	1	1	0	0	0	1	1	1	1	1	1	1	0	0	0	0	0	0	0	0	0	0	1	1	1	1	1	0	1	0	1	0	0	0	1	1	0	0	0	1	0	0	0	1	0	1	0	0	1	0	0	0	0	0	0	0	1	0	0	0	0	1	0
"Res13-Sevr-PER06-05-b-A"	"NA"	"chromosome"	"Escherichia coli"	"O-untypeable:H4 (100.0)"	"uidA"	761	"new"	"A"	"feces"	"G"	"AF2"	"AF2-1"	"weaner"	5	1	0	0	0	0	0	0	0	0	1	0	0	0	0	1	1	1	1	1	1	0	0	0	0	0	1	0	0	0	0	1	0	0	0	1	1	1	0	0	2	0	0	0	0	0	0	1	0	0	0	1	1	1	0	1	1	1	1	1	0	0	1	1	1	1	0	1	1	0	0	0	1	1	1	1	1	1	1	0	0	0	0	0	0	0	0	0	0	1	1	1	1	1	0	1	0	1	0	0	0	1	1	0	0	0	1	0	0	0	1	0	1	0	0	1	0	0	0	0	0	0	0	0	0	0	0	0	1	0
"Res13-Lact-EA11-01"	"NA"	"chromosome"	"Escherichia coli"	"O-untypeable:H12 (99.78)"	"uidA"	88	15305	"C"	"feces"	"K"	"AF3"	"AF3-2"	"sow"	1	0	0	0	0	0	0	0	0	0	0	1	0	0	0	1	1	1	1	1	1	1	0	0	0	0	1	0	0	0	0	1	1	0	0	1	1	1	0	0	1	0	0	0	0	0	0	1	0	0	0	1	1	1	1	1	1	1	1	1	0	0	1	0	1	1	0	1	1	0	0	0	1	1	1	1	1	1	0	0	0	0	0	0	0	0	0	0	0	1	1	1	1	1	0	1	0	1	0	0	0	1	1	0	0	1	1	0	0	0	0	0	1	0	0	0	0	0	0	0	0	0	0	0	0	0	1	0	0	0
"Res13-Fini-PEB03-41-A"	"NA"	"chromosome"	"Escherichia coli"	"O86 (100.0):H-untypeable"	"uidA"	101	1589	"B1"	"feces"	"C"	"AF1"	"AF1-1"	"finisher"	3	0	0	0	0	0	0	0	0	0	0	0	0	0	0	0	0	1	1	1	1	0	0	0	0	0	1	0	0	0	0	1	1	0	0	1	1	1	0	0	1	0	0	0	0	0	0	1	0	0	0	1	1	1	1	1	1	1	1	1	0	0	1	1	1	1	0	1	1	1	0	0	1	1	1	1	1	1	0	0	0	0	0	0	0	0	0	0	0	1	1	1	1	1	0	1	0	1	0	0	0	0	1	0	0	0	1	0	0	0	1	0	0	0	0	1	0	0	0	0	0	0	0	0	0	0	0	0	1	0
"Res13-Abat-PEA16-P5-01-A"	"NA"	"chromosome"	"Acinetobacter baumannii"	"ND"	"ND"		"new"		"swab"	"U"	"AF3"	"AF3-3"	"carcass"	"NA"	0	0	0	0	0	0	1	0	1	0	0	0	0	0	0	0	0	0	0	0	0	0	0	0	0	0	0	0	0	1	0	0	0	0	0	0	0	0	0	0	0	0	0	0	0	0	0	1	1	1	0	0	0	0	0	0	0	0	0	0	0	0	0	0	0	1	0	0	0	0	0	0	0	0	0	0	0	0	0	0	1	1	1	1	1	1	0	0	0	0	0	0	0	0	0	0	0	1	0	0	0	0	0	0	0	0	0	0	0	0	0	0	0	0	0	0	0	0	0	0	0	0	0	0	0	0	0	0	0
"Res13-Fini-PEA21-33"	"FPEA2133"	"chromosome"	"Escherichia coli"	"O21 (99.92):H21 (98.64)"	"uidA"	56	14734	"B1"	"feces"	"P"	"AF3"	"AF3-3"	"finisher"	3	0	0	0	0	0	0	0	0	0	0	0	0	0	0	0	0	1	1	1	1	0	0	0	0	0	1	0	0	0	0	1	0	0	0	1	1	1	0	0	1	0	0	0	0	0	0	1	0	0	0	1	1	1	1	1	1	1	1	1	0	0	0	0	1	1	0	1	1	1	0	0	1	1	1	1	1	1	0	0	0	0	0	0	0	0	0	0	0	1	1	1	1	1	0	1	0	1	0	0	0	0	1	0	0	0	1	0	0	0	1	0	0	0	0	1	0	0	0	0	0	0	0	0	0	0	0	0	1	0
"Res13-Abat-PEC07-P2-02"	"NA"	"chromosome"	"Acinetobacter sp."	"ND"	"ND"	"new"	"new"		"swab"	"U"	"CV"	"CV-1"	"carcass"	"NA"	0	0	0	0	0	0	0	0	0	0	0	0	0	0	0	0	0	0	0	0	0	0	0	0	0	0	0	1	0	0	0	0	0	0	0	0	0	0	0	0	0	0	0	0	0	0	0	0	0	0	0	0	0	0	0	0	0	0	0	0	0	0	0	0	0	0	0	0	0	0	0	0	0	0	0	0	0	0	0	0	0	0	0	0	0	0	0	0	0	0	0	0	0	0	0	0	0	0	0	0	0	0	0	0	0	0	0	0	0	0	0	0	0	0	0	0	0	0	0	0	0	0	0	0	0	0	0	0	0
"Res13-Fini-PEC13-17"	"FPEC1317"	"chromosome"	"Escherichia coli"	"O-untypeable:H4 (100.0)"	"uidA"	117	14771	"G"	"feces"	"T"	"CV"	"CV-2"	"finisher"	3	0	0	0	0	0	0	0	0	0	0	0	0	1	0	1	1	1	1	1	1	1	0	0	0	0	1	0	0	0	0	1	1	0	0	1	1	1	0	1	1	0	0	0	0	0	0	0	0	0	0	1	1	1	1	1	1	1	1	1	0	0	1	0	1	1	0	1	1	1	0	0	1	1	1	1	1	1	0	0	0	0	0	0	0	0	0	0	0	1	1	1	1	1	0	1	0	1	0	0	0	1	1	0	1	0	1	0	0	0	0	0	0	0	0	0	0	0	1	0	0	0	0	0	0	0	0	0	0	0
"Res13-Lact-PEA25-11"	"LPEA2511"	"chromosome"	"Escherichia coli"	"O145 (99.92):H-untypeable"	"eae;hlyAEc;O145;uidA"	1034	"new"	"D"	"feces"	"K"	"AF3"	"AF3-4"	"suckler"	4	0	0	0	0	0	0	0	0	0	0	0	0	0	0	0	0	1	1	1	1	0	0	0	0	0	1	0	0	0	0	1	0	0	0	1	1	1	0	0	2	0	0	0	0	0	0	1	0	0	0	1	1	0	1	1	1	1	1	1	0	0	0	0	1	1	0	1	1	1	0	0	1	1	1	1	1	1	0	0	0	0	0	0	0	0	0	0	0	1	1	1	1	1	0	1	0	0	0	0	0	0	1	0	0	0	1	0	0	0	1	0	0	0	0	1	0	0	0	0	0	0	0	0	0	0	0	0	1	0
"Res13-Lact-ER10-16"	"NA"	"chromosome"	"Escherichia coli"	"O-untypeable:H26 (99.94)"	"uidA"	7585	59930	"A"	"feces"	"F"	"AF2"	"AF2-2"	"sow"	1	0	0	0	0	0	0	0	0	0	0	0	0	0	0	1	1	1	1	1	1	0	0	0	0	0	1	0	0	0	0	1	1	0	0	1	1	1	0	0	1	0	0	0	0	0	0	1	0	0	0	1	1	1	1	1	1	1	1	1	0	0	1	1	1	1	0	1	1	1	0	0	1	1	1	1	1	1	1	0	0	0	0	0	0	0	0	0	0	1	1	1	1	1	0	1	0	0	0	0	0	0	0	0	0	0	1	0	0	0	0	0	0	0	0	0	0	0	0	0	0	0	0	0	0	0	0	0	0	0
"Res13-Fini-PEB21-32"	"NA"	"chromosome"	"Escherichia coli"	"O83 (99.92):H42 (98.67)"	"uidA"	648	29326	"F"	"feces"	"D"	"AF1"	"AF1-3"	"finisher"	4	0	0	0	0	0	0	0	0	0	0	0	0	0	0	1	1	1	1	1	1	0	0	0	1	0	1	0	0	0	0	1	0	1	0	1	1	1	0	1	1	0	0	0	0	0	0	1	0	0	0	1	1	0	1	1	1	1	1	1	0	0	1	1	1	1	0	1	1	0	0	0	1	1	1	1	1	1	0	0	0	0	0	0	0	0	0	0	0	1	1	1	1	1	0	1	0	0	0	0	0	1	1	0	0	0	1	1	0	0	0	0	0	0	0	0	0	0	1	1	0	0	0	0	0	1	0	0	0	0
"Res13-Fini-PEA25-37"	"NA"	"chromosome"	"Escherichia coli"	"O109 (99.78):H40 (98.38)"	"uidA"	101	14953	"B1"	"feces"	"P"	"AF3"	"AF3-4"	"finisher"	4	0	0	0	0	0	0	0	0	0	0	0	0	0	0	0	0	1	1	1	1	0	0	0	0	0	1	0	0	0	0	1	1	0	0	1	1	1	0	0	1	0	0	0	0	0	0	1	0	0	0	1	1	1	1	1	1	1	1	1	0	0	0	0	1	1	0	1	1	1	0	0	1	1	1	1	1	1	0	0	0	0	0	0	0	0	0	0	0	1	1	1	1	1	0	1	0	0	0	0	0	0	0	0	0	0	1	0	0	0	0	0	0	0	0	0	0	0	0	0	0	0	0	0	0	0	0	0	0	0
