strain,steve_strain_names,husb,husb_group,animal_type,sample_type,genus,CRE,ESBL,MAR,MAR_profile,AUG,AMP,AZI,FAZ,FEP,FOT,FOX,POD,TAZ,AXO,CEP,CHL,CIP,GEN,IMP,MEM,NAL,TZP,STR,SUL,FTC,CCV,TET,SXT
Res13-Lact-LEB1-11-b,LLEB111b,AF1,AF1-1,sow,manure,Escherichia coli,No,Yes,9,AmpFazFotPodTazAxoCepSulSxt,S,R,S,R,SD,R,S,R,R,R,R,S,S,S,S,S,S,S,S,R,ESBL,ESBL,S,R
Res13-Lact-PEB01-20,LPEB0120,AF1,AF1-1,suckler,feces,Escherichia coli,No,Yes,10,AmpFazFotPodTazAxoCepSulTetSxt,S,R,S,R,S,R,S,R,R,R,R,S,S,S,S,S,S,S,S,R,ESBL,ESBL,R,R
Res13-Lact-EB12-33,LEB1233,AF1,AF1-2,sow,feces,Escherichia coli,No,Yes,9,AmpFazFotPodTazAxoCepSulSxt,S,R,S,R,SD,R,S,R,R,R,R,S,S,S,S,S,S,S,S,R,ESBL,NI,S,R
Res13-Lact-EB12-5,NA,AF1,AF1-2,sow,feces,Escherichia coli,No,Yes,10,AmpFazFotPodTazAxoCepSulTetSxt,S,R,S,R,S,R,S,R,R,R,R,S,S,S,S,S,S,S,S,R,ESBL,NI,R,R
Res13-Lact-EB13-22,LEB1322,AF1,AF1-2,sow,feces,Escherichia coli,No,Yes,9,AmpFazFotPodTazAxoCepSulSxt,S,R,S,R,SD,R,S,R,R,R,R,S,S,S,S,S,S,S,S,R,ESBL,NI,S,R
Res13-Lact-EB13-15,LEB1315,AF1,AF1-2,sow,feces,Escherichia coli,No,Yes,9,AmpFazFotPodTazAxoCepSulSxt,S,R,S,R,SD,R,S,R,R,R,R,S,S,S,S,S,S,S,S,R,ESBL,NI,S,R
Res13-Lact-PEB08-33,LPEB0833,AF1,AF1-2,suckler,feces,Escherichia coli,No,Yes,9,AmpFazFotPodTazAxoCepSulSxt,S,R,S,R,SD,R,S,R,R,R,R,S,S,S,S,S,S,S,S,R,ESBL,ESBL,S,R
Res13-Lact-PEB08-1,NA,AF1,AF1-2,suckler,feces,Escherichia coli,No,Yes,9,AmpFazFotPodTazAxoCepSulSxt,S,R,S,R,SD,R,S,R,R,R,R,S,S,S,S,S,S,S,S,R,ESBL,ESBL,S,R
Res13-Lact-PEB09-33,LPEB0933,AF1,AF1-2,suckler,feces,Escherichia coli,No,Yes,9,AmpFazFotPodTazAxoCepSulSxt,S,R,S,R,SD,R,S,R,R,R,R,S,S,S,S,S,S,S,S,R,ESBL,ESBL,S,R
Res13-Lact-PEB09-34,LPEB0934,AF1,AF1-2,suckler,feces,Escherichia coli,No,Yes,11,AmpFazFotPodTazAxoCepStrSulTetSxt,S,R,S,R,S,R,S,R,R,R,R,S,S,S,S,S,S,S,R,R,ESBL,ESBL,R,R
Res13-Lact-PEB13-33,LPEB1333,AF1,AF1-2,suckler,feces,Escherichia coli,No,Yes,9,AmpFazFotPodTazAxoCepSulSxt,S,R,S,R,SD,R,S,R,R,R,R,S,S,S,S,S,S,S,S,R,ESBL,NI,S,R
Res13-Lact-PEB13-34,NA,AF1,AF1-2,suckler,feces,Escherichia coli,No,Yes,9,AmpFazFotPodTazAxoCepSulSxt,S,R,S,R,SD,R,S,R,R,R,R,S,S,S,S,S,S,S,S,R,ESBL,NI,S,R
Res13-Lact-PEB14-36,LPEB1436,AF1,AF1-2,suckler,feces,Escherichia coli,No,Yes,10,AmpFazFotPodTazAxoCepSulTetSxt,S,R,S,R,S,R,S,R,R,R,R,S,S,S,S,S,S,S,S,R,ESBL,ESBL,R,R
Res13-Lact-EB15-9,NA,AF1,AF1-3,sow,feces,Escherichia coli,No,Yes,11,AmpFazFotFoxPodTazAxoCepSulTetSxt,S,R,S,R,SD,R,R,R,R,R,R,S,S,S,S,S,S,S,S,R,ESBL,NI,R,R
Res13-Lact-LEB3-9,NA,AF1,AF1-3,sow,manure,Escherichia coli,No,Yes,10,AmpFazFotPodTazAxoCepSulTetSxt,S,R,S,R,S,R,S,R,R,R,R,S,S,S,S,S,S,S,S,R,ESBL,ESBL,R,R
Res13-Lact-LEB3-2,NA,AF1,AF1-3,sow,manure,Escherichia coli,No,No,12,AugAmpFazFotFoxPodTazAxoCepStrSulSxt,R,R,S,R,S,R,R,R,R,R,R,S,S,S,S,S,S,S,R,R,NI,NI,S,R
Res13-Lact-LEB3-27,LLEB327,AF1,AF1-3,sow,manure,Escherichia coli,No,No,12,AugAmpFazFotFoxPodTazAxoCepStrSulSxt,R,R,S,R,S,R,R,R,R,R,R,S,S,S,S,S,S,I,R,R,NI,NI,S,R
Res13-Lact-LEB3-12,LLEB312,AF1,AF1-3,sow,manure,Escherichia coli,No,No,12,AugAmpFazFotFoxPodTazAxoCepStrSulSxt,R,R,S,R,S,R,R,R,R,R,R,S,S,S,S,S,S,S,R,R,NI,NI,S,R
Res13-Lact-LEB3-20,LLEB320,AF1,AF1-3,sow,manure,Escherichia coli,No,No,12,AugAmpFazFotFoxPodTazAxoCepStrSulSxt,R,R,S,R,S,R,R,R,R,R,R,S,S,S,S,S,S,S,R,R,NI,NI,S,R
Res13-Lact-LEB3-37,LLEB337,AF1,AF1-3,sow,manure,Escherichia fergusonii,No,No,6,AmpFazFotPodAxoCep,S,R,S,R,S,R,S,R,S,R,R,S,S,S,S,S,S,S,S,S,NI,NI,S,S
Res13-Lact-PEB17-17,LPEB1717,AF1,AF1-3,suckler,feces,Escherichia fergusonii,No,Yes,7,AmpFazFotPodTazAxoCep,S,R,S,R,S,R,S,R,R,R,R,S,S,S,S,S,S,S,S,S,ESBL,ESBL,S,S
Res13-Lact-PEB17-18,LPEB1718,AF1,AF1-3,suckler,feces,Escherichia coli,No,No,12,AugAmpFazFotFoxPodTazAxoCepStrSulSxt,R,R,S,R,S,R,R,R,R,R,R,S,S,S,S,S,S,S,R,R,NI,NI,S,R
Res13-Lact-PEB17-37,NA,AF1,AF1-3,suckler,feces,Escherichia fergusonii,No,No,6,AmpFazFotPodAxoCep,S,R,S,R,SD,R,S,R,S,R,R,S,S,S,S,S,S,S,S,S,NI,NI,S,S
Res13-Lact-PEB17-36,NA,AF1,AF1-3,suckler,feces,Escherichia coli,No,No,4,AmpStrSulSxt,S,R,S,S,S,S,S,S,S,S,S,S,S,S,S,S,S,S,R,R,NI,NI,S,R
Res13-Lact-PEB18-16,LPEB1816,AF1,AF1-3,suckler,feces,Escherichia coli,No,No,12,AugAmpFazFotFoxPodTazAxoCepStrSulSxt,R,R,S,R,S,R,R,R,R,R,R,S,S,S,S,S,S,S,R,R,NI,NI,S,R
Res13-Lact-PEB20-37,NA,AF1,AF1-3,suckler,feces,Escherichia fergusonii,No,Yes,6,AmpFazFotPodAxoCep,S,R,S,R,S,R,S,R,S,R,R,S,S,S,S,S,S,S,S,S,ESBL,ESBL,S,S
Res13-Lact-PEB21-38,NA,AF1,AF1-3,suckler,feces,Escherichia fergusonii,No,Yes,6,AmpFazFotPodAxoCep,S,R,S,R,SD,R,S,R,S,R,R,S,S,S,S,S,S,S,S,S,ESBL,ESBL,S,S
Res13-Sevr-PEB21-01,SPEB2101,AF1,AF1-3,weaner,feces,Escherichia coli,No,Yes,7,AmpFazFotPodTazAxoCep,S,R,S,R,S,R,S,R,R,R,R,S,S,S,S,S,S,S,S,S,ESBL,ESBL,S,S
Res13-Lact-ER01-35,LER0135,AF2,AF2-1,sow,feces,Escherichia coli,No,Yes,9,AmpFazFotPodTazAxoCepSulSxt,S,R,S,R,SD,R,S,R,R,R,R,S,S,S,S,S,S,S,S,R,ESBL,ESBL,S,R
Res13-Lact-ER02-33,NA,AF2,AF2-1,sow,feces,Escherichia coli,No,Yes,12,AmpFazFotPodTazAxoCepGenStrSulTetSxt,S,R,S,R,S,R,S,R,R,R,R,S,S,R,S,S,S,S,R,R,ESBL,ESBL,R,R
Res13-Lact-ER02-39,LER0239,AF2,AF2-1,sow,feces,Escherichia coli,No,Yes,12,AmpFazFotPodTazAxoCepGenStrSulTetSxt,S,R,S,R,SD,R,S,R,R,R,R,S,S,R,S,S,S,S,R,R,ESBL,ESBL,R,R
Res13-Lact-ER07-18,LER0718,AF2,AF2-1,sow,feces,Escherichia coli,No,Yes,10,AmpFazFotPodTazAxoCepNalSulSxt,S,R,S,R,SD,R,S,R,R,R,R,S,S,S,S,S,R,S,S,R,ESBL,NI,S,R
Res13-Lact-ER07-19,NA,AF2,AF2-1,sow,feces,Escherichia coli,No,Yes,12,AmpFazFotPodTazAxoCepGenStrSulTetSxt,S,R,S,R,S,R,S,R,R,R,R,S,S,R,S,S,S,S,R,R,ESBL,NI,R,R
Res13-Lact-ER07-27,LER0727,AF2,AF2-1,sow,feces,Escherichia coli,No,Yes,12,AmpFazFotPodTazAxoCepGenStrSulTetSxt,S,R,S,R,S,R,S,R,R,R,R,S,S,R,S,S,S,S,R,R,ESBL,NI,R,R
Res13-Lact-ER07-29,LER0729,AF2,AF2-1,sow,feces,Escherichia coli,No,Yes,12,AmpFazFotPodTazAxoCepGenStrSulTetSxt,S,R,S,R,S,R,S,R,R,R,R,S,S,R,S,S,S,S,R,R,ESBL,ESBL,R,R
Res13-Lact-ER07-9,NA,AF2,AF2-1,sow,feces,Escherichia coli,No,No,12,AugAmpFazFotFoxPodTazAxoCepStrSulTet,R,R,S,R,S,R,R,R,R,R,R,S,S,S,S,S,S,S,R,R,NI,NI,R,S
Res13-Lact-ER07-10,LER0710,AF2,AF2-1,sow,feces,Escherichia coli,No,No,12,AugAmpFazFotFoxPodTazAxoCepStrSulTet,R,R,S,R,S,R,R,R,R,R,R,S,S,S,S,S,S,S,R,R,NI,NI,R,S
Res13-Lact-ER07-26,LER0726,AF2,AF2-1,sow,feces,Escherichia coli,No,Yes,12,AmpFazFotPodTazAxoCepGenStrSulTetSxt,S,R,S,R,S,R,S,R,R,R,R,S,S,R,S,S,S,S,R,R,ESBL,ESBL,R,R
Res13-Lact-LER1-03,LLER103,AF2,AF2-1,sow,manure,Escherichia coli,No,Yes,9,AmpFazFotPodTazAxoCepSulSxt,I,R,S,R,S,R,S,R,R,R,R,S,S,S,S,S,S,S,S,R,ESBL,ESBL,S,R
Res13-Lact-LER1-21,LLER121,AF2,AF2-1,sow,manure,Escherichia coli,No,Yes,12,AmpFazFotPodTazAxoCepGenStrSulTetSxt,S,R,S,R,S,R,S,R,R,R,R,S,S,R,S,S,S,S,R,R,ESBL,ESBL,R,R
Res13-Lact-PER01-35,LPER0135,AF2,AF2-1,suckler,feces,Escherichia coli,No,Yes,12,AmpFazFotPodTazAxoCepGenStrSulTetSxt,S,R,S,R,SD,R,S,R,R,R,R,S,S,R,S,S,S,S,R,R,ESBL,ESBL,R,R
Res13-Lact-PER01-36,LPER0136,AF2,AF2-1,suckler,feces,Escherichia coli,No,Yes,12,AmpFazFotPodTazAxoCepGenStrSulTetSxt,S,R,S,R,S,R,S,R,R,R,R,S,S,R,S,S,S,S,R,R,ESBL,ESBL,R,R
Res13-Lact-PER01-38,LPER0138,AF2,AF2-1,suckler,feces,Escherichia coli,No,Yes,12,AmpFazFotPodTazAxoCepGenStrSulTetSxt,S,R,S,R,SD,R,S,R,R,R,R,S,S,R,S,S,S,S,R,R,ESBL,ESBL,R,R
Res13-Lact-PER01-40,LPER0140,AF2,AF2-1,suckler,feces,Escherichia coli,No,Yes,12,AmpFazFotPodTazAxoCepGenStrSulTetSxt,S,R,S,R,S,R,S,R,R,R,R,S,S,R,S,S,S,S,R,R,ESBL,ESBL,R,R
Res13-Lact-PER02-33,LPER0233,AF2,AF2-1,suckler,feces,Escherichia coli,No,Yes,12,AmpFazFotPodTazAxoCepGenStrSulTetSxt,S,R,S,R,SD,R,I,R,R,R,R,I,S,R,S,S,S,S,R,R,ESBL,ESBL,R,R
Res13-Lact-PER02-35,LPER0235,AF2,AF2-1,suckler,feces,Escherichia coli,No,Yes,12,AmpFazFotPodTazAxoCepGenStrSulTetSxt,S,R,S,R,S,R,S,R,R,R,R,S,S,R,S,S,S,S,R,R,ESBL,ESBL,R,R
Res13-Lact-PER02-34,LPER0234,AF2,AF2-1,suckler,feces,Escherichia coli,No,Yes,12,AmpFazFotPodTazAxoCepGenStrSulTetSxt,S,R,S,R,SD,R,S,R,R,R,R,S,S,R,S,S,S,S,R,R,ESBL,ESBL,R,R
Res13-Lact-PER02-36,LPER0236,AF2,AF2-1,suckler,feces,Escherichia coli,No,Yes,12,AmpFazFotPodTazAxoCepGenStrSulTetSxt,S,R,S,R,S,R,S,R,R,R,R,S,S,R,S,S,S,S,R,R,ESBL,ESBL,R,R
Res13-Lact-PER02-44,LPER0244,AF2,AF2-1,suckler,feces,Escherichia coli,No,Yes,12,AmpFotPodTazAxoCepCipGenStrSulTetSxt,S,R,S,S,S,R,S,R,R,R,R,S,R,R,S,S,S,S,R,R,ESBL,ESBL,R,R
Res13-Lact-PER04-33,LPER0433,AF2,AF2-1,suckler,feces,Escherichia coli,No,Yes,12,AmpFazFotPodTazAxoCepGenStrSulTetSxt,S,R,S,R,SD,R,S,R,R,R,R,S,S,R,S,S,S,S,R,R,ESBL,ESBL,R,R
Res13-Lact-PER04-34,LPER0434,AF2,AF2-1,suckler,feces,Escherichia coli,No,Yes,12,AmpFazFotPodTazAxoCepGenStrSulTetSxt,S,R,S,R,SD,R,S,R,R,R,R,S,S,R,S,S,S,S,R,R,ESBL,ESBL,R,R
Res13-Sevr-LER1-36-a,NA,AF2,AF2-1,weaner,manure,Serratia fonticola,No,No,5,AmpFazPodAxoCep,S,R,S,R,S,I,I,R,S,R,R,S,S,S,S,S,S,S,S,R,NI,NI,S,S
Res13-Sevr-LER1-36-b,NA,AF2,AF2-1,weaner,manure,Serratia fonticola,No,No,3,AmpFazCep,S,R,S,R,S,S,I,I,S,S,R,S,S,S,S,S,S,S,S,NI,NI,NI,S,S
Res13-Sevr-LER1-34,SLER134,AF2,AF2-1,weaner,manure,Escherichia coli,No,Yes,10,AmpFazFotPodTazAxoCepGenTetSxt,S,R,S,R,SD,R,S,R,R,R,R,S,S,R,S,S,S,S,R,R,ESBL,ESBL,R,R
Res13-Sevr-PER06-5-b,NA,AF2,AF2-1,weaner,feces,Escherichia coli,No,Yes,10,AmpFazFotPodTazAxoCepGenTetSxt,S,R,S,R,SD,R,S,R,R,R,R,S,S,R,S,S,S,S,R,R,ESBL,ESBL,R,R
Res13-Sevr-PER07-33,SPER0733,AF2,AF2-1,weaner,feces,Escherichia coli,No,Yes,8,AmpFazFotPodTazAxoCepSxt,S,R,S,R,SD,R,S,R,R,R,R,S,S,S,S,S,S,S,S,R,ESBL,ESBL,S,R
Res13-Lact-LER2-34,LLER234,AF2,AF2-2,sow,manure,Escherichia coli,No,Yes,12,AmpFazFotPodTazAxoCepGenStrSulTetSxt,S,R,S,R,S,R,S,R,R,R,R,S,S,R,S,S,S,S,R,R,ESBL,ESBL,R,R
Res13-Lact-LER2-35-a,NA,AF2,AF2-2,sow,manure,Citrobacter braakii,No,No,10,AugAmpFazFotFoxPodTazAxoCepTet,R,R,S,R,S,R,R,R,R,R,R,S,S,S,S,S,S,S,S,S,NI,NI,R,S
Res13-Lact-LER2-35-b,NA,AF2,AF2-2,sow,manure,Citrobacter braakii,No,No,10,AugAmpFazFotFoxPodTazAxoCepTet,R,R,S,R,S,R,R,R,R,R,R,S,S,S,S,S,S,S,S,S,NI,NI,R,S
Res13-Lact-PER08-34,LPER0834,AF2,AF2-2,suckler,feces,Escherichia coli,No,Yes,11,AmpFazFotPodTazAxoCepStrSulTetSxt,I,R,S,R,SD,R,S,R,R,R,R,S,S,S,S,S,S,S,R,R,ESBL,ESBL,R,R
Res13-Lact-PER09-33,LPER0933,AF2,AF2-2,suckler,feces,Escherichia coli,No,Yes,7,AmpFazFotPodTazAxoCep,S,R,S,R,SD,R,S,R,R,R,R,S,S,S,S,S,S,S,S,R,ESBL,ESBL,S,R
Res13-Lact-PER10-32,LPER1032,AF2,AF2-2,suckler,feces,Escherichia coli,No,Yes,5,FotPodTazAxoCep,S,S,S,S,S,R,S,R,R,R,R,S,S,I,S,S,S,S,R,R,ESBL,ESBL,R,R
Res13-Lact-PER12-33,NA,AF2,AF2-2,suckler,feces,Escherichia coli,No,Yes,12,AmpFazFotPodTazAxoCepGenStrSulTetSxt,S,R,S,R,S,R,S,R,R,R,R,S,S,R,S,S,S,S,R,R,ESBL,ESBL,R,R
Res13-Lact-PER12-34,LPER1234,AF2,AF2-2,suckler,feces,Escherichia coli,No,Yes,10,AmpFazFotPodTazAxoCepSulTetSxt,S,R,S,R,SD,R,S,R,R,R,R,S,S,S,S,S,S,S,S,R,ESBL,ESBL,R,R
Res13-Lact-PER13-34,LPER1334,AF2,AF2-2,suckler,feces,Escherichia coli,No,Yes,9,AmpFazFotPodTazAxoCepSulSxt,S,R,S,R,SD,R,S,R,R,R,R,S,S,S,S,S,S,S,S,R,ESBL,ESBL,S,R
Res13-Lact-PER13-36,LPER1336,AF2,AF2-2,suckler,feces,Escherichia coli,No,Yes,8,AmpFazFotPodTazAxoCepSxt,S,R,S,R,SD,R,S,R,R,R,R,S,S,S,S,S,S,S,S,R,NI,NI,S,R
Res13-Sevr-LER2-35,SLER235,AF2,AF2-2,weaner,manure,Providencia rettgeri,Yes,No,14,AugAmpFazFepFotFoxPodTazAxoCepGenImpMemTet,R,R,R,R,R,R,R,R,R,R,R,I,S,R,R,R,S,S,S,R,NI,NI,R,S
Res13-Sevr-LER2-33,SLER233,AF2,AF2-2,weaner,manure,Providencia rettgeri,Yes,No,13,AugAmpFazFepFotFoxPodTazAxoCepImpMemTet,R,R,R,R,R,R,R,R,R,R,R,I,S,I,R,R,S,S,S,R,NI,NI,R,S
Res13-Sevr-LER2-36,SLER236,AF2,AF2-2,weaner,manure,Providencia rettgeri,Yes,No,13,AugAmpFazFepFotFoxPodTazAxoCepImpMemTet,R,R,R,R,R,R,R,R,R,R,R,I,S,I,R,R,S,S,S,R,NI,NI,R,S
Res13-Sevr-LER2-34,SLER234,AF2,AF2-2,weaner,manure,Providencia rettgeri,Yes,No,14,AugAmpFazFepFotFoxPodTazAxoCepGenImpMemTet,R,R,R,R,R,R,R,R,R,R,R,I,S,R,R,R,S,S,S,R,NI,NI,R,S
Res13-Lact-EA04-23,NA,AF3,AF3-1,sow,feces,Escherichia coli,No,Yes,13,AugAmpAziFazFotFoxPodAxoCepChlNalSulSxt,R,R,R,R,S,R,R,R,S,R,R,R,S,S,S,S,R,S,S,R,NI,ESBL,I,R
Res13-Lact-EA04-8,NA,AF3,AF3-1,sow,feces,Escherichia coli,No,Yes,11,AmpFazFotPodTazAxoCepStrSulTetSxt,S,R,S,R,SD,R,S,R,R,R,R,S,S,S,S,S,S,S,R,R,ESBL,ESBL,R,R
Res13-Lact-EA04-24,LEA0424,AF3,AF3-1,sow,feces,Escherichia coli,No,Yes,11,AmpFazFotPodTazAxoCepStrSulTetSxt,I,R,S,R,SD,R,S,R,R,R,R,S,S,S,S,S,S,S,R,R,ESBL,ESBL,R,R
Res13-Lact-EA06-22,LEA0622,AF3,AF3-1,sow,feces,Escherichia coli,No,Yes,11,AmpFazFotPodTazAxoCepStrSulTetSxt,S,R,S,R,SD,R,S,R,R,R,R,S,S,S,S,S,S,S,R,R,ESBL,ESBL,R,R
Res13-Lact-EA06-30,LEA0630,AF3,AF3-1,sow,feces,Escherichia coli,No,Yes,10,AmpFazFotPodTazAxoCepStrSulSxt,S,R,S,R,S,R,S,R,R,R,R,S,S,S,S,S,S,S,R,R,ESBL,NI,S,R
Res13-Lact-EA06-23,LEA0623,AF3,AF3-1,sow,feces,Escherichia coli,No,Yes,11,AmpFazFotPodTazAxoCepStrSulTetSxt,S,R,S,R,SD,R,S,R,R,R,R,S,S,S,S,S,S,S,R,R,ESBL,ESBL,R,R
Res13-Lact-LEA1-18,NA,AF3,AF3-1,sow,manure,Shewanella putrefaciens group,No,Yes,11,AmpFazFepFotPodTazAxoCepStrSulSxt,S,R,S,R,R,R,S,R,R,R,R,I,S,S,I,S,S,I,R,R,ESBL,ESBL,R,R
Res13-Lact-PEA06-10,LPEA0610,AF3,AF3-1,suckler,feces,Escherichia coli,No,Yes,12,AmpFazFotPodTazAxoCepGenStrSulTetSxt,S,R,S,R,SD,R,S,R,R,R,R,S,S,R,S,S,S,S,R,R,ESBL,ESBL,R,R
Res13-Lact-LEA2-9,NA,AF3,AF3-2,sow,manure,Escherichia coli,No,Yes,9,AmpFazFotPodTazAxoCepSulSxt,S,R,S,R,S,R,S,R,R,R,R,S,S,S,S,S,S,S,S,R,ESBL,ESBL,S,R
Res13-Lact-PEA08-37,LPEA0837,AF3,AF3-2,suckler,feces,Escherichia coli,No,Yes,9,AmpFazFotPodTazAxoCepSulSxt,S,R,S,R,SD,R,S,R,R,R,R,S,S,S,S,S,S,S,S,R,ESBL,ESBL,S,R
Res13-Lact-PEA10-41,LPEA1041,AF3,AF3-2,suckler,feces,Escherichia coli,No,Yes,9,AmpFazFotPodTazAxoCepSulSxt,S,R,S,R,S,R,S,R,R,R,R,S,S,S,S,S,S,S,S,R,ESBL,ESBL,S,R
Res13-Lact-PEA12-26,LPEA1226,AF3,AF3-2,suckler,feces,Escherichia coli,No,Yes,9,AmpFazFotPodTazAxoCepSulSxt,S,R,S,R,S,R,S,R,R,R,R,S,S,S,S,S,S,S,S,R,ESBL,ESBL,S,R
Res13-Lact-PEA13-9,NA,AF3,AF3-2,suckler,feces,Escherichia coli,No,Yes,10,AmpFazFotPodTazAxoCepSulTetSxt,S,R,S,R,S,R,S,R,R,R,R,S,S,S,S,S,S,S,S,R,ESBL,ESBL,R,R
Res13-Lact-PEA13-17,LPEA1317,AF3,AF3-2,suckler,feces,Escherichia coli,No,Yes,10,AmpFazFotPodTazAxoCepSulTetSxt,S,R,S,R,S,R,S,R,R,R,R,S,S,S,S,S,S,S,S,R,ESBL,ESBL,R,R
Res13-Lact-PEA13-25,LPEA1325,AF3,AF3-2,suckler,feces,Escherichia coli,No,Yes,10,AmpFazFotPodTazAxoCepSulTetSxt,S,R,S,R,S,R,S,R,R,R,R,S,S,S,S,S,S,S,S,R,ESBL,ESBL,R,R
Res13-Lact-PEA13-10,LPEA1310,AF3,AF3-2,suckler,feces,Escherichia coli,No,Yes,10,AmpFazFotPodTazAxoCepSulTetSxt,S,R,S,R,S,R,S,R,R,R,R,S,S,S,S,S,S,S,S,R,ESBL,ESBL,R,R
Res13-Lact-PEA13-26,LPEA1326,AF3,AF3-2,suckler,feces,Escherichia coli,No,Yes,9,AmpFotPodTazAxoCepSulTetSxt,S,R,S,S,S,R,S,R,R,R,R,S,S,S,S,S,S,S,S,R,ESBL,ESBL,R,R
Res13-Lact-PEA13-11,LPEA1311,AF3,AF3-2,suckler,feces,Escherichia coli,No,Yes,10,AmpFazFotPodTazAxoCepSulTetSxt,S,R,S,R,S,R,S,R,R,R,R,S,S,S,S,S,S,S,S,R,ESBL,ESBL,R,R
Res13-Lact-PEA14-20,LPEA1420,AF3,AF3-2,suckler,feces,Escherichia coli,No,Yes,9,AmpFazFotPodTazAxoCepSulSxt,S,R,S,R,S,R,S,R,R,R,R,S,S,S,S,S,S,S,S,R,ESBL,ESBL,S,R
Res13-Lact-EA15-10,NA,AF3,AF3-3,sow,feces,Escherichia coli,No,Yes,9,AmpFazFotPodTazAxoCepTetSxt,I,R,S,R,SD,R,S,R,R,R,R,S,S,S,S,S,S,S,S,R,ESBL,ESBL,R,R
Res13-Lact-EA15-25,NA,AF3,AF3-3,sow,feces,Escherichia coli,No,Yes,8,AmpFazFotPodTazAxoCepSxt,S,R,S,R,SD,R,S,R,R,R,R,S,S,S,S,S,S,S,S,R,ESBL,ESBL,S,R
Res13-Lact-EA16-12,LEA1612,AF3,AF3-3,sow,feces,Escherichia coli,No,Yes,8,AmpFazFotPodTazAxoCepSxt,S,R,S,R,SD,R,S,R,R,R,R,S,S,S,S,S,S,S,S,R,ESBL,ESBL,S,R
Res13-Lact-EA17-20,LEA1720,AF3,AF3-3,sow,feces,Escherichia coli,No,No,10,AugAmpFazFotFoxPodTazAxoCepTet,R,R,S,R,S,R,R,R,R,R,R,S,S,S,S,S,S,S,R,S,NI,NI,R,S
Res13-Lact-EA17-04,LEA1704,AF3,AF3-3,sow,feces,Escherichia coli,No,No,12,AugAmpFazFotFoxPodTazAxoCepChlTetSxt,R,R,S,R,S,R,R,R,R,R,R,R,S,S,S,S,S,S,R,R,NI,NI,R,R
Res13-Lact-EA18-13,NA,AF3,AF3-3,sow,feces,Escherichia coli,No,No,8,AmpFazFotPodTazAxoCepSxt,S,R,S,R,SD,R,S,R,R,R,R,S,S,S,S,S,S,S,S,R,NI,NI,S,R
Res13-Lact-EA18-31,LEA1831,AF3,AF3-3,sow,feces,Escherichia coli,No,Yes,9,AugAmpFazFotPodTazAxoCepSxt,R,R,S,R,SD,R,S,R,R,R,R,S,S,S,S,S,S,S,S,R,ESBL,ESBL,S,R
Res13-Lact-EA19-13,NA,AF3,AF3-3,sow,feces,Escherichia coli,No,Yes,8,AmpFazFotPodTazAxoCepSxt,S,R,S,R,SD,R,S,R,R,R,R,S,S,S,S,S,S,S,S,R,ESBL,ESBL,S,R
Res13-Lact-EA19-06,NA,AF3,AF3-3,sow,feces,Escherichia coli,No,Yes,8,AmpFazFotPodTazAxoCepSxt,S,R,S,R,SD,R,S,R,R,R,R,S,S,S,S,S,S,S,S,R,ESBL,ESBL,S,R
Res13-Lact-EA20-14,NA,AF3,AF3-3,sow,feces,Escherichia coli,No,Yes,8,AmpFazFotPodTazAxoCepSxt,S,R,S,R,SD,R,S,R,R,R,R,S,S,S,S,S,S,S,S,R,ESBL,ESBL,S,R
Res13-Lact-EA20-30,NA,AF3,AF3-3,sow,feces,Escherichia coli,No,Yes,8,AmpFazFotPodTazAxoCepSxt,S,R,S,R,SD,R,S,R,R,R,R,S,S,S,S,S,S,S,S,R,ESBL,ESBL,S,R
Res13-Lact-EA21-10,NA,AF3,AF3-3,sow,feces,Escherichia coli,No,Yes,8,AmpFazFotPodTazAxoCepSxt,S,R,S,R,SD,R,S,R,R,R,R,S,S,S,S,S,S,S,S,R,ESBL,ESBL,S,R
Res13-Lact-EA21-03,NA,AF3,AF3-3,sow,feces,Escherichia coli,No,Yes,8,AmpFazFotPodTazAxoCepSxt,S,R,S,R,SD,R,S,R,R,R,R,S,S,S,S,S,S,S,S,R,ESBL,ESBL,S,R
Res13-Lact-PEA15-01,NA,AF3,AF3-3,suckler,feces,Escherichia coli,No,Yes,9,AmpFazFotPodTazAxoCepSulSxt,S,R,S,R,SD,R,S,R,R,R,R,S,S,S,S,S,S,S,S,R,ESBL,ESBL,S,R
Res13-Lact-PEA16-33,NA,AF3,AF3-3,suckler,feces,Escherichia coli,No,Yes,10,AmpFazFotPodTazAxoCepSulTetSxt,S,R,S,R,SD,R,S,R,R,R,R,S,S,S,S,S,S,S,S,R,ESBL,ESBL,R,R
Res13-Lact-PEA16-13,NA,AF3,AF3-3,suckler,feces,Escherichia coli,No,Yes,10,AmpFazFotPodTazAxoCepSulTetSxt,S,R,S,R,SD,R,S,R,R,R,R,S,S,S,S,S,S,S,S,R,ESBL,ESBL,R,R
Res13-Lact-PEA17-21,NA,AF3,AF3-3,suckler,feces,Escherichia coli,No,No,12,AugAmpFazFotFoxPodAxoCepStrSulTetSxt,R,R,S,R,S,R,R,R,I,R,R,S,S,S,S,S,S,S,R,R,NI,NI,R,R
Res13-Lact-PEA18-23,LPEA1823,AF3,AF3-3,suckler,feces,Escherichia coli,No,Yes,10,AmpFazFepFotPodTazAxoCepSulSxt,S,R,S,R,R,R,S,R,R,R,R,S,S,S,S,S,S,S,S,R,ESBL,ESBL,S,R
Res13-Lact-PEA19-11,LPEA1911,AF3,AF3-3,suckler,feces,Escherichia hermannii,No,Yes,8,AmpFazFotPodAxoCepSulSxt,S,R,S,R,S,R,S,R,S,R,R,S,S,S,S,S,S,S,S,R,ESBL,ESBL,S,R
Res13-Lact-PEA20-36,LPEA2036,AF3,AF3-3,suckler,feces,Escherichia coli,No,Yes,9,AmpFazFotPodTazAxoCepSulSxt,S,R,S,R,S,R,S,R,R,R,R,S,S,S,S,S,S,S,S,R,ESBL,ESBL,S,R
Res13-Lact-PEA20-02,NA,AF3,AF3-3,suckler,feces,Escherichia coli,No,Yes,9,AmpFazFotPodTazAxoCepSulSxt,S,R,S,R,S,R,S,R,R,R,R,S,S,S,S,S,S,S,S,R,ESBL,ESBL,S,R
Res13-Lact-PEA21-01,NA,AF3,AF3-3,suckler,feces,Escherichia coli,No,Yes,9,AmpFazFotPodTazAxoCepSulSxt,S,R,S,R,SD,R,S,R,R,R,R,S,S,S,S,S,S,S,S,R,ESBL,ESBL,S,R
Res13-Sevr-PEA15-38,NA,AF3,AF3-3,weaner,feces,Escherichia coli,No,Yes,9,AmpFazFotPodTazAxoCepSulSxt,S,R,S,R,SD,R,S,R,R,R,R,S,S,S,S,S,S,S,S,R,ESBL,ESBL,S,R
Res13-Sevr-PEA15-37,SPEA1537,AF3,AF3-3,weaner,feces,Escherichia coli,No,Yes,9,AmpFazFotPodTazAxoCepSulSxt,S,R,S,R,SD,R,S,R,R,R,R,S,S,S,S,S,S,S,S,R,ESBL,ESBL,S,R
Res13-Sevr-PEA16-24,NA,AF3,AF3-3,weaner,feces,Escherichia coli,No,Yes,9,AmpFazFotPodTazAxoCepSulSxt,I,R,S,R,SD,R,S,R,R,R,R,S,S,S,S,S,S,S,S,R,ESBL,ESBL,S,R
Res13-Sevr-PEA16-16,NA,AF3,AF3-3,weaner,feces,Escherichia coli,No,Yes,9,AmpFazFotPodTazAxoCepSulSxt,S,R,S,R,SD,R,S,R,R,R,R,S,S,S,S,S,S,S,S,R,ESBL,ESBL,S,R
Res13-Sevr-PEA17-13,NA,AF3,AF3-3,weaner,feces,Escherichia coli,No,Yes,9,AmpFazFotPodTazAxoCepSulSxt,S,R,S,R,S,R,S,R,R,R,R,S,S,S,S,S,S,S,S,R,ESBL,ESBL,S,R
Res13-Sevr-PEA18-33,SPEA1833,AF3,AF3-3,weaner,feces,Escherichia coli,No,Yes,10,AmpFazFotPodTazAxoCepStrSulSxt,S,R,S,R,SD,R,I,R,R,R,R,S,S,S,S,S,S,S,R,R,ESBL,ESBL,S,R
Res13-Sevr-PEA19-33,NA,AF3,AF3-3,weaner,feces,Escherichia coli,No,Yes,9,AmpFazFotPodTazAxoCepSulSxt,S,R,S,R,SD,R,S,R,R,R,R,S,S,S,S,S,S,S,S,R,ESBL,ESBL,S,R
Res13-Sevr-PEA19-18,NA,AF3,AF3-3,weaner,feces,Escherichia coli,No,Yes,9,AmpFazFotPodTazAxoCepSulSxt,I,R,S,R,SD,R,I,R,R,R,R,S,S,S,S,S,S,S,S,R,ESBL,ESBL,S,R
Res13-Sevr-PEA20-33,SPEA2033,AF3,AF3-3,weaner,feces,Escherichia coli,No,Yes,11,AmpFazFepFotPodTazAxoCepStrSulSxt,I,R,S,R,R,R,S,R,R,R,R,S,S,S,S,S,S,S,R,R,ESBL,ESBL,S,R
Res13-Sevr-PEA20-01,NA,AF3,AF3-3,weaner,feces,Escherichia coli,No,Yes,9,AmpFazFotPodTazAxoCepSulSxt,S,R,S,R,SD,R,S,R,R,R,R,S,S,S,S,S,S,S,S,R,ESBL,ESBL,S,R
Res13-Sevr-PEA21-35,NA,AF3,AF3-3,weaner,feces,Escherichia coli,No,Yes,9,AmpFazFotPodTazAxoCepSulSxt,S,R,S,R,SD,R,S,R,R,R,R,S,S,S,S,S,S,S,S,R,ESBL,ESBL,S,R
Res13-Sevr-PEA21-06,NA,AF3,AF3-3,weaner,feces,Escherichia coli,No,Yes,9,AmpFazFotPodTazAxoCepSulSxt,S,R,S,R,SD,R,S,R,R,R,R,S,S,S,S,S,S,S,S,R,ESBL,ESBL,S,R
Res13-Lact-PEA15-42,NA,AF3,AF3-3,suckler,feces,Escherichia coli,No,Yes,10,AmpFazFotPodTazAxoCepSulTetSxt,S,R,S,R,SD,R,S,R,R,R,R,S,S,S,S,S,S,S,S,R,ESBL,ESBL,R,R
Res13-Croi-PEA15-12,CPEA1512,AF3,AF3-3,grower,feces,Escherichia coli,No,Yes,10,AmpFazFepFotPodTazAxoCepSulSxt,S,R,S,R,R,R,S,R,R,R,R,S,S,S,S,S,S,S,S,R,ESBL,ESBL,S,R
Res13-Croi-PEA15-34,NA,AF3,AF3-3,grower,feces,Escherichia coli,No,Yes,9,AmpFazFotPodTazAxoCepSulSxt,S,R,S,R,SD,R,S,R,R,R,R,S,S,S,S,S,S,S,S,R,ESBL,ESBL,S,R
Res13-Croi-PEA16-11,NA,AF3,AF3-3,grower,feces,Escherichia coli,No,Yes,9,AmpFazFotPodTazAxoCepSulSxt,I,R,S,R,SD,R,S,R,R,R,R,S,S,S,S,S,S,S,S,R,ESBL,ESBL,S,R
Res13-Croi-PEA16-26,NA,AF3,AF3-3,grower,feces,Escherichia coli,No,Yes,9,AmpFazFotPodTazAxoCepSulSxt,S,R,S,R,SD,R,S,R,R,R,R,S,S,S,S,S,S,S,S,R,ESBL,ESBL,S,R
Res13-Croi-PEA17-03,NA,AF3,AF3-3,grower,feces,Escherichia coli,No,Yes,9,AmpFazFotPodTazAxoCepSulSxt,S,R,S,R,SD,R,S,R,R,R,R,S,S,S,S,S,S,S,S,R,ESBL,ESBL,S,R
Res13-Croi-PEA17-28,CPEA1728,AF3,AF3-3,grower,feces,Escherichia coli,No,No,10,AugAmpFazFotFoxPodTazAxoCepTet,R,R,S,R,S,R,R,R,R,R,R,S,S,S,S,S,S,S,S,S,NI,NI,R,S
Res13-Croi-PEA18-13,NA,AF3,AF3-3,grower,feces,Escherichia coli,No,Yes,9,AmpFazFotPodTazAxoCepSulSxt,S,R,S,R,SD,R,S,R,R,R,R,S,S,S,S,S,S,S,S,R,ESBL,ESBL,S,R
Res13-Croi-PEA18-38,NA,AF3,AF3-3,grower,feces,Escherichia coli,No,Yes,9,AmpFazFotPodTazAxoCepSulSxt,S,R,S,R,SD,R,S,R,R,R,R,S,S,S,S,S,S,S,S,R,ESBL,ESBL,S,R
Res13-Croi-PEA19-13,NA,AF3,AF3-3,grower,feces,Escherichia coli,No,Yes,9,AmpFazFotPodTazAxoCepSulSxt,S,R,S,R,SD,R,S,R,R,R,R,S,S,S,S,S,S,S,S,R,ESBL,ESBL,S,R
Res13-Croi-PEA19-24,NA,AF3,AF3-3,grower,feces,Escherichia coli,No,Yes,9,AmpFazFotPodTazAxoCepSulSxt,S,R,S,R,SD,R,S,R,R,R,R,S,S,S,S,S,S,S,S,R,ESBL,ESBL,S,R
Res13-Croi-PEA20-14,NA,AF3,AF3-3,grower,feces,Escherichia coli,No,Yes,9,AmpFazFotPodTazAxoCepSulSxt,S,R,S,R,SD,R,S,R,R,R,R,S,S,S,S,S,S,S,S,R,ESBL,ESBL,S,R
Res13-Croi-PEA20-23,NA,AF3,AF3-3,grower,feces,Escherichia coli,No,Yes,9,AmpFazFotPodTazAxoCepSulSxt,S,R,S,R,SD,R,S,R,R,R,R,S,S,S,S,S,S,S,S,R,ESBL,ESBL,S,R
Res13-Croi-PEA21-12,NA,AF3,AF3-3,grower,feces,Escherichia coli,No,Yes,9,AmpFazFotPodTazAxoCepSulSxt,S,R,S,R,SD,R,S,R,R,R,R,S,S,S,S,S,S,S,S,R,ESBL,ESBL,S,R
Res13-Croi-PEA21-28,CPEA2128,AF3,AF3-3,grower,feces,Escherichia coli,No,Yes,9,AmpFazFotPodTazAxoCepSulSxt,S,R,S,R,SD,R,S,R,R,R,R,S,S,S,S,S,S,S,S,R,ESBL,ESBL,S,R
Res13-Croi-PEA21-36,NA,AF3,AF3-3,grower,feces,Escherichia coli,No,Yes,9,AmpFazFotPodTazAxoCepSulSxt,S,R,S,R,SD,R,S,R,R,R,R,S,S,S,S,S,S,S,S,R,ESBL,ESBL,S,R
Res13-Fini-PEA15-14,NA,AF3,AF3-3,finisher,feces,Escherichia coli,No,Yes,10,AmpFazFotPodTazAxoCepStrSulSxt,S,R,S,R,SD,R,S,R,R,R,R,S,S,S,S,S,S,S,R,R,ESBL,ESBL,S,R
Res13-Fini-PEA16-14,NA,AF3,AF3-3,finisher,feces,Escherichia coli,No,Yes,9,AmpFazFotPodTazAxoCepSulSxt,S,R,S,R,S,R,S,R,R,R,R,S,S,S,S,S,S,S,S,R,ESBL,ESBL,S,R
Res13-Fini-PEA17-13,FPEA1713,AF3,AF3-3,finisher,feces,Escherichia coli,No,Yes,9,AmpFazFotPodTazAxoCepSulSxt,S,R,S,R,SD,R,S,R,R,R,R,S,S,S,S,S,S,S,S,R,ESBL,ESBL,S,R
Res13-Fini-PEA18-12,NA,AF3,AF3-3,finisher,feces,Escherichia coli,No,Yes,9,AmpFazFotPodTazAxoCepSulSxt,S,R,S,R,SD,R,S,R,R,R,R,S,S,S,S,S,S,S,S,R,ESBL,ESBL,S,R
Res13-Fini-PEA18-10,NA,AF3,AF3-3,finisher,feces,Escherichia coli,No,Yes,9,AmpFazFotPodTazAxoCepSulSxt,S,R,S,R,SD,R,S,R,R,R,R,S,S,S,S,S,S,S,S,R,ESBL,ESBL,S,R
Res13-Fini-PEA19-10,NA,AF3,AF3-3,finisher,feces,Escherichia coli,No,Yes,10,AmpFazFotPodTazAxoCepStrSulSxt,S,R,S,R,SD,R,S,R,R,R,R,S,S,S,S,S,S,S,R,R,ESBL,ESBL,S,R
Res13-Fini-PEA19-34,NA,AF3,AF3-3,finisher,feces,Escherichia coli,No,Yes,10,AmpFazFotPodTazAxoCepStrSulSxt,I,R,S,R,SD,R,S,R,R,R,R,S,S,S,S,S,S,S,R,R,ESBL,ESBL,S,R
Res13-Fini-PEA20-02,NA,AF3,AF3-3,finisher,feces,Escherichia coli,No,Yes,10,AmpFazFotPodTazAxoCepStrSulSxt,I,R,S,R,SD,R,S,R,R,R,R,S,S,S,S,S,S,S,R,R,ESBL,ESBL,S,R
Res13-Fini-PEA20-25,FPEA2025,AF3,AF3-3,finisher,feces,Escherichia coli,No,Yes,10,AmpFazFotPodTazAxoCepStrSulSxt,I,R,S,R,SD,R,S,R,R,R,R,S,S,S,S,S,S,S,R,R,ESBL,ESBL,S,R
Res13-Fini-PEA21-29,NA,AF3,AF3-3,finisher,feces,Escherichia coli,No,Yes,9,AmpFazFotPodTazAxoCepSulSxt,S,R,S,R,SD,R,S,R,R,R,R,S,S,S,S,S,S,S,S,R,ESBL,ESBL,S,R
Res13-Fini-PEA21-33,FPEA2133,AF3,AF3-3,finisher,feces,Escherichia coli,No,Yes,7,AmpFazFotPodTazAxoSxt,S,R,S,R,SD,R,S,R,R,R,I,S,S,S,S,S,S,S,S,S,ESBL,ESBL,S,R
Res13-Lact-EA22-14,LEA2214,AF3,AF3-4,sow,feces,Escherichia coli,No,Yes,8,AmpFazFotPodTazAxoCepSxt,S,R,S,R,S,R,S,R,R,R,R,S,S,S,S,S,S,S,S,R,ESBL,ESBL,S,R
Res13-Lact-EA22-23,NA,AF3,AF3-4,sow,feces,Escherichia coli,No,Yes,8,AmpFazFotPodTazAxoCepSxt,S,R,S,R,SD,R,S,R,R,R,R,S,S,S,S,S,S,S,S,R,ESBL,ESBL,S,R
Res13-Lact-EA23-13,LEA2313,AF3,AF3-4,sow,feces,Escherichia coli,No,No,11,AugAmpFazFotFoxPodTazAxoCepTetSxt,R,R,S,R,S,R,R,R,R,R,R,S,S,S,S,S,S,S,R,R,NI,NI,R,R
Res13-Lact-EA23-24,NA,AF3,AF3-4,sow,feces,Escherichia coli,No,No,11,AugAmpFazFotFoxPodTazAxoCepTetSxt,R,R,S,R,S,R,R,R,R,R,R,S,S,S,S,S,S,I,R,R,NI,NI,R,R
Res13-Lact-EA24-15,NA,AF3,AF3-4,sow,feces,Escherichia coli,No,Yes,9,AmpFazFotPodTazAxoCepSulSxt,S,R,S,R,SD,R,S,R,R,R,R,S,S,S,S,S,S,S,S,R,ESBL,ESBL,S,R
Res13-Lact-EA25-38,NA,AF3,AF3-4,sow,feces,Escherichia coli,No,Yes,9,AmpFazFotPodTazAxoCepSulSxt,S,R,S,R,S,R,S,R,R,R,R,S,S,S,S,S,S,S,S,R,ESBL,ESBL,S,R
Res13-Lact-EA25-33,NA,AF3,AF3-4,sow,feces,Escherichia coli,No,Yes,9,AmpFazFotPodTazAxoCepSulSxt,S,R,S,R,S,R,S,R,R,R,R,S,S,S,S,S,S,S,S,R,ESBL,ESBL,S,R
Res13-Lact-EA26-10,LEA2610,AF3,AF3-4,sow,feces,Escherichia coli,No,Yes,10,AmpFazFepFotPodTazAxoCepSulSxt,S,R,S,R,R,R,S,R,R,R,R,S,S,S,S,S,S,S,S,R,ESBL,ESBL,S,R
Res13-Lact-EA27-10,NA,AF3,AF3-4,sow,feces,Escherichia coli,No,Yes,9,AmpFazFotPodTazAxoCepSulSxt,S,R,S,R,SD,R,S,R,R,R,R,S,S,S,S,S,S,S,S,R,ESBL,ESBL,S,R
Res13-Lact-EA28-13,LEA2813,AF3,AF3-4,sow,feces,Escherichia coli,No,No,13,AugAmpFazFotFoxPodTazAxoCepStrSulTetSxt,R,R,S,R,S,R,R,R,R,R,R,S,S,S,S,S,S,S,R,R,NI,NI,R,R
Res13-Lact-PEA22-13,NA,AF3,AF3-4,suckler,feces,Escherichia coli,No,Yes,9,AmpFazFotPodTazAxoCepSulSxt,S,R,S,R,S,R,S,R,R,R,R,S,S,S,S,S,S,S,S,R,ESBL,ESBL,S,R
Res13-Lact-PEA23-13,LPEA2313,AF3,AF3-4,suckler,feces,Escherichia coli,No,No,13,AugAmpFazFotFoxPodTazAxoCepStrSulTetSxt,R,R,S,R,S,R,R,R,R,R,R,S,S,S,S,S,S,S,R,R,NI,NI,R,R
Res13-Lact-PEA24-01,NA,AF3,AF3-4,suckler,feces,Escherichia coli,No,Yes,9,AmpFazFotPodTazAxoCepSulSxt,S,R,S,R,S,R,S,R,R,R,R,S,S,S,S,S,S,S,S,R,ESBL,ESBL,S,R
Res13-Lact-PEA25-11,LPEA2511,AF3,AF3-4,suckler,feces,Escherichia coli,No,Yes,9,AmpFazFotPodTazAxoCepSulSxt,S,R,S,R,SD,R,S,R,R,R,R,S,S,S,S,S,S,S,S,R,ESBL,ESBL,S,R
Res13-Lact-PEA25-39,NA,AF3,AF3-4,suckler,feces,Escherichia coli,No,Yes,9,AmpFazFotPodTazAxoCepSulSxt,S,R,S,R,S,R,S,R,R,R,R,S,S,S,S,S,S,S,S,R,ESBL,ESBL,S,R
Res13-Lact-PEA26-33,NA,AF3,AF3-4,suckler,feces,Escherichia coli,No,Yes,9,AmpFazFotPodTazAxoCepSulSxt,S,R,S,R,SD,R,S,R,R,R,R,S,S,S,S,S,S,S,S,R,ESBL,ESBL,S,R
Res13-Lact-PEA26-25,NA,AF3,AF3-4,suckler,feces,Escherichia coli,No,Yes,9,AmpFazFotPodTazAxoCepSulSxt,S,R,S,R,SD,R,S,R,R,R,R,S,S,S,S,S,S,S,S,R,ESBL,ESBL,S,R
Res13-Lact-PEA27-01,NA,AF3,AF3-4,suckler,feces,Escherichia coli,No,Yes,9,AmpFazFotPodTazAxoCepSulSxt,S,R,S,R,SD,R,S,R,R,R,R,S,S,S,S,S,S,S,S,R,ESBL,ESBL,S,R
Res13-Lact-PEA27-11,LPEA2711,AF3,AF3-4,suckler,feces,Escherichia coli,No,Yes,10,AmpFazFotPodTazAxoCepSulTetSxt,S,R,S,R,SD,R,S,R,R,R,R,S,S,S,S,S,S,S,S,R,ESBL,ESBL,R,R
Res13-Lact-PEA28-33,NA,AF3,AF3-4,suckler,feces,Escherichia coli,No,Yes,9,AmpFazFotPodTazAxoCepSulSxt,S,R,S,R,SD,R,S,R,R,R,R,S,S,S,S,S,S,S,S,R,ESBL,ESBL,S,R
Res13-Lact-PEA28-10,LPEA2810,AF3,AF3-4,suckler,feces,Escherichia coli,No,Yes,10,AmpFazFepFotPodTazAxoCepSulSxt,S,R,S,R,R,R,S,R,R,R,R,S,S,S,S,S,S,S,S,R,ESBL,ESBL,S,R
Res13-Sevr-PEA22-33,NA,AF3,AF3-4,weaner,feces,Escherichia coli,No,Yes,9,AmpFazFotPodTazAxoCepSulSxt,S,R,S,R,SD,R,S,R,R,R,R,S,S,S,S,S,S,S,S,R,ESBL,ESBL,S,R
Res13-Sevr-PEA22-05,NA,AF3,AF3-4,weaner,feces,Escherichia coli,No,Yes,9,AmpFazFotPodTazAxoCepSulSxt,S,R,S,R,SD,R,S,R,R,R,R,S,S,S,S,S,S,S,S,R,ESBL,ESBL,S,R
Res13-Sevr-PEA23-32,NA,AF3,AF3-4,weaner,feces,Escherichia coli,No,Yes,9,AmpFazFotPodTazAxoCepSulSxt,S,R,S,R,SD,R,S,R,R,R,R,S,S,S,S,S,S,S,S,R,ESBL,ESBL,S,R
Res13-Sevr-PEA24-10,NA,AF3,AF3-4,weaner,feces,Escherichia coli,No,Yes,9,AmpFazFotPodTazAxoCepSulSxt,S,R,S,R,SD,R,S,R,R,R,R,S,S,S,S,S,S,S,S,R,ESBL,ESBL,S,R
Res13-Sevr-PEA24-03,SPEA2403,AF3,AF3-4,weaner,feces,Escherichia coli,No,Yes,10,AmpFazFepFotPodTazAxoCepSulSxt,S,R,S,R,R,R,S,R,R,R,R,S,S,S,S,S,S,S,S,R,ESBL,ESBL,S,R
Res13-Sevr-PEA25-25,NA,AF3,AF3-4,weaner,feces,Escherichia coli,No,Yes,10,AmpFazFepFotPodTazAxoCepSulSxt,S,R,S,R,R,R,S,R,R,R,R,S,S,S,S,S,S,S,S,R,ESBL,ESBL,S,R
Res13-Sevr-PEA26-32,NA,AF3,AF3-4,weaner,feces,Escherichia coli,No,Yes,9,AmpFazFotPodTazAxoCepSulSxt,S,R,S,R,SD,R,S,R,R,R,R,S,S,S,S,S,S,S,S,R,ESBL,ESBL,S,R
Res13-Sevr-PEA26-01,NA,AF3,AF3-4,weaner,feces,Escherichia coli,No,Yes,9,AmpFazFotPodTazAxoCepSulSxt,S,R,S,R,SD,R,S,R,R,R,R,S,S,S,S,S,S,S,S,R,ESBL,ESBL,S,R
Res13-Sevr-PEA27-14,SPEA2714,AF3,AF3-4,weaner,feces,Escherichia coli,No,Yes,9,AmpFazFotPodTazAxoCepSulSxt,S,R,S,R,SD,R,S,R,R,R,R,S,S,S,S,S,S,S,S,R,ESBL,ESBL,S,R
Res13-Sevr-PEA27-21,NA,AF3,AF3-4,weaner,feces,Escherichia coli,No,Yes,9,AmpFazFotPodTazAxoCepSulSxt,S,R,S,R,SD,R,S,R,R,R,R,S,S,S,S,S,S,S,S,R,ESBL,ESBL,S,R
Res13-Sevr-PEA28-06,NA,AF3,AF3-4,weaner,feces,Escherichia coli,No,Yes,10,AmpFazFepFotPodTazAxoCepSulSxt,S,R,S,R,R,R,S,R,R,R,R,S,S,S,S,S,S,S,S,R,ESBL,ESBL,S,R
Res13-Sevr-PEA28-36,SPEA2836,AF3,AF3-4,weaner,feces,Escherichia coli,No,Yes,11,AmpFazFepFotPodTazAxoCepSulTetSxt,I,R,S,R,R,R,S,R,R,R,R,S,S,S,S,S,S,S,S,R,ESBL,ESBL,R,R
Res13-Lact-PEA24-33,NA,AF3,AF3-4,suckler,feces,Escherichia coli,No,Yes,10,AmpFazFotPodTazAxoCepSulTetSxt,S,R,S,R,SD,R,S,R,R,R,R,S,S,S,S,S,S,S,S,R,ESBL,ESBL,R,R
Res13-Croi-PEA22-10,NA,AF3,AF3-4,grower,feces,Escherichia coli,No,Yes,9,AmpFazFotPodTazAxoCepSulSxt,S,R,S,R,SD,R,S,R,R,R,R,S,S,S,S,S,S,S,S,R,ESBL,ESBL,S,R
Res13-Croi-PEA22-35,CPEA2235,AF3,AF3-4,grower,feces,Escherichia coli,No,Yes,9,AmpFazFotPodTazAxoCepSulSxt,S,R,S,R,SD,R,S,R,R,R,R,S,S,S,S,S,S,S,S,R,ESBL,ESBL,S,R
Res13-Croi-PEA23-01,NA,AF3,AF3-4,grower,feces,Escherichia coli,No,Yes,9,AmpFazFotPodTazAxoCepSulSxt,S,R,S,R,SD,R,S,R,R,R,R,S,S,S,S,S,S,S,S,R,ESBL,ESBL,S,R
Res13-Croi-PEA23-26,NA,AF3,AF3-4,grower,feces,Escherichia coli,No,Yes,9,AmpFazFotPodTazAxoCepSulSxt,S,R,S,R,SD,R,S,R,R,R,R,S,S,S,S,S,S,S,S,R,ESBL,ESBL,S,R
Res13-Croi-PEA24-47,NA,AF3,AF3-4,grower,feces,Escherichia coli,No,Yes,9,AmpFazFotPodTazAxoCepSulSxt,S,R,S,R,SD,R,S,R,R,R,R,S,S,S,S,S,S,S,S,R,ESBL,ESBL,S,R
Res13-Croi-PEA24-40,CPEA2440,AF3,AF3-4,grower,feces,Escherichia coli,No,Yes,9,AmpFazFotPodTazAxoCepSulSxt,S,R,S,R,SD,R,S,R,R,R,R,S,S,S,S,S,S,S,S,R,ESBL,ESBL,S,R
Res13-Croi-PEA25-33,NA,AF3,AF3-4,grower,feces,Escherichia coli,No,Yes,9,AmpFazFotPodTazAxoCepSulSxt,S,R,S,R,SD,R,S,R,R,R,R,S,S,S,S,S,S,S,S,R,ESBL,ESBL,S,R
Res13-Croi-PEA26-32,NA,AF3,AF3-4,grower,feces,Escherichia coli,No,Yes,9,AmpFazFotPodTazAxoCepSulSxt,S,R,S,R,SD,R,S,R,R,R,R,S,S,S,S,S,S,S,S,R,ESBL,ESBL,S,R
Res13-Croi-PEA27-33,CPEA2733,AF3,AF3-4,grower,feces,Escherichia coli,No,Yes,9,AmpFazFotPodTazAxoCepSulSxt,S,R,S,R,SD,R,S,R,R,R,R,S,S,S,S,S,S,S,S,R,ESBL,ESBL,S,R
Res13-Croi-PEA28-12,NA,AF3,AF3-4,grower,feces,Escherichia coli,No,Yes,9,AmpFazFotPodTazAxoCepSulSxt,S,R,S,R,SD,R,S,R,R,R,R,S,S,S,S,S,S,S,S,R,ESBL,ESBL,S,R
Res13-Fini-PEA22-05,FPEA2205,AF3,AF3-4,finisher,feces,Escherichia coli,No,Yes,9,AugAmpFazFotFoxPodTazAxoSxt,R,R,S,R,SD,R,R,R,R,R,I,S,S,S,S,S,S,S,S,S,ESBL,ESBL,S,R
Res13-Fini-PEA22-32,NA,AF3,AF3-4,finisher,feces,Escherichia coli,No,Yes,7,AmpFazFotPodTazAxoSxt,I,R,S,R,SD,R,S,R,R,R,I,S,S,S,S,S,S,S,S,S,ESBL,ESBL,S,R
Res13-Fini-PEA23-13,NA,AF3,AF3-4,finisher,feces,Escherichia coli,No,Yes,8,AmpFazFotPodTazAxoCepSxt,S,R,S,R,SD,R,I,R,R,R,R,S,S,S,S,S,S,S,S,S,ESBL,ESBL,S,R
Res13-Fini-PEA24-10,NA,AF3,AF3-4,finisher,feces,Escherichia coli,No,Yes,9,AmpFazFotPodTazAxoCepSulSxt,S,R,S,R,SD,R,S,R,R,R,R,S,S,S,S,S,S,S,S,R,ESBL,ESBL,S,R
Res13-Fini-PEA25-34,FPEA2534,AF3,AF3-4,finisher,feces,Escherichia coli,No,Yes,11,AmpFazFotPodTazAxoCepStrSulTetSxt,S,R,S,R,SD,R,S,R,R,R,R,S,S,S,S,S,S,S,R,R,ESBL,ESBL,R,R
Res13-Fini-PEA26-10,NA,AF3,AF3-4,finisher,feces,Escherichia coli,No,Yes,9,AmpFazFotPodTazAxoCepSulSxt,S,R,S,R,SD,R,S,R,R,R,R,S,S,S,S,S,S,S,S,R,ESBL,ESBL,S,R
Res13-Fini-PEA27-13,NA,AF3,AF3-4,finisher,feces,Escherichia coli,No,Yes,9,AmpFazFotPodTazAxoCepSulSxt,S,R,S,R,SD,R,S,R,R,R,R,S,S,S,S,S,S,S,S,R,ESBL,ESBL,S,R
Res13-Fini-PEA28-13,NA,AF3,AF3-4,finisher,feces,Escherichia coli,No,Yes,9,AmpFazFotPodTazAxoCepSulSxt,S,R,S,R,S,R,S,R,R,R,R,S,S,S,S,S,S,S,S,R,ESBL,ESBL,S,R
Res13-Lact-PEC05-17,LPEC0517,CV,CV-1,suckler,feces,Enterobacter cloacae,No,No,10,AugAmpFazFotFoxPodTazAxoCepTet,R,R,S,R,S,R,R,R,R,R,R,S,S,S,S,S,S,S,S,S,NI,NI,R,S
Res13-Fini-PEC01-29,FPEC0129,CV,CV-1,finisher,feces,Escherichia coli,No,No,12,AugAmpFazFotFoxPodTazAxoCepChlTetSxt,R,R,S,R,S,R,R,R,R,R,R,R,S,S,S,S,S,I,R,R,NI,NI,R,R
Res13-Fini-PEC02-13,FPEC0213,CV,CV-1,finisher,feces,Escherichia coli,No,No,12,AugAmpFazFotFoxPodTazAxoCepChlTetSxt,R,R,S,R,S,R,R,R,R,R,R,R,S,S,S,S,S,I,R,R,NI,NI,R,R
Res13-Fini-PEC03-13,FPEC0313,CV,CV-1,finisher,feces,Escherichia coli,No,No,12,AugAmpFazFotFoxPodTazAxoCepChlTetSxt,R,R,S,R,S,R,R,R,R,R,R,R,S,S,S,S,S,I,R,R,NI,NI,R,R
Res13-Fini-PEC05-10,NA,CV,CV-1,finisher,feces,Escherichia coli,No,No,12,AugAmpFazFotFoxPodTazAxoCepChlTetSxt,R,R,S,R,S,R,R,R,R,R,R,R,S,S,S,S,S,S,R,R,NI,NI,R,R
Res13-Fini-PEC06-02,NA,CV,CV-1,finisher,feces,Escherichia coli,No,No,12,AugAmpFazFotFoxPodTazAxoCepChlTetSxt,R,R,S,R,S,R,R,R,R,R,R,R,S,S,S,S,S,S,R,R,NI,NI,R,R
Res13-Fini-PEC04-11,NA,CV,CV-1,finisher,feces,Escherichia coli,No,No,12,AugAmpFazFotFoxPodTazAxoCepChlTetSxt,R,R,S,R,S,R,R,R,R,R,R,R,S,S,S,S,S,I,R,R,NI,NI,R,R
Res13-Fini-PEC07-13,NA,CV,CV-1,finisher,feces,Escherichia coli,No,No,12,AugAmpFazFotFoxPodTazAxoCepChlTetSxt,R,R,S,R,S,R,R,R,R,R,R,R,S,S,S,S,S,S,R,R,NI,NI,R,R
Res13-Fini-PEC01-30,NA,CV,CV-1,finisher,feces,Escherichia coli,No,No,15,AugAmpFazFotFoxPodTazAxoCepChlTzpStrSulTetSxt,R,R,S,R,S,R,R,R,R,R,R,R,S,S,S,S,S,R,R,R,NI,NI,R,R
Res13-Fini-PEC01-21,NA,CV,CV-1,finisher,feces,Escherichia coli,No,No,14,AugAmpFazFotFoxPodTazAxoCepChlStrSulTetSxt,R,R,S,R,S,R,R,R,R,R,R,R,S,S,S,S,S,I,R,R,NI,NI,R,R
Res13-Fini-PEC02-21,NA,CV,CV-1,finisher,feces,Escherichia coli,No,No,14,AugAmpFazFotFoxPodTazAxoCepChlStrSulTetSxt,R,R,S,R,S,R,R,R,R,R,R,R,S,S,S,S,S,I,R,R,NI,NI,R,R
Res13-Fini-PEC02-39,NA,CV,CV-1,finisher,feces,Escherichia coli,No,No,14,AugAmpFazFotFoxPodTazAxoCepChlStrSulTetSxt,R,R,S,R,S,R,R,R,R,R,R,R,S,S,S,S,S,S,R,R,NI,NI,R,R
Res13-Fini-PEC03-21,NA,CV,CV-1,finisher,feces,Escherichia coli,No,No,14,AugAmpFazFotFoxPodTazAxoCepChlStrSulTetSxt,R,R,S,R,S,R,R,R,R,R,R,R,S,S,S,S,S,S,R,R,NI,NI,R,R
Res13-Fini-PEC04-25,NA,CV,CV-1,finisher,feces,Escherichia coli,No,No,14,AugAmpFazFotFoxPodTazAxoCepChlStrSulTetSxt,R,R,S,R,S,R,R,R,R,R,R,R,S,S,S,S,S,I,R,R,NI,NI,R,R
Res13-Fini-PEC05-01,NA,CV,CV-1,finisher,feces,Escherichia coli,No,No,14,AugAmpFazFotFoxPodTazAxoCepChlStrSulTetSxt,R,R,S,R,S,R,R,R,R,R,R,R,S,S,S,S,S,S,R,R,NI,NI,R,R
Res13-Fini-PEC06-47,NA,CV,CV-1,finisher,feces,Escherichia coli,No,No,14,AugAmpFazFotFoxPodTazAxoCepChlStrSulTetSxt,R,R,S,R,S,R,R,R,R,R,R,R,S,S,S,S,S,I,R,R,NI,NI,R,R
Res13-Fini-PEC07-05,NA,CV,CV-1,finisher,feces,Escherichia coli,No,No,14,AugAmpFazFotFoxPodTazAxoCepChlStrSulTetSxt,R,R,S,R,S,R,R,R,R,R,R,R,S,S,S,S,S,S,R,R,NI,NI,R,R
Res13-Croi-PEC01-35,NA,CV,CV-1,grower,feces,Escherichia coli,No,No,15,AugAmpFazFotFoxPodTazAxoCepChlTzpStrSulTetSxt,R,R,S,R,S,R,R,R,R,R,R,R,S,S,S,S,S,R,R,R,NI,NI,R,R
Res13-Croi-PEC02-03,CPEC0203,CV,CV-1,grower,feces,Escherichia coli,No,Yes,14,AugAmpFazFotFoxPodTazAxoCepChlStrSulTetSxt,R,R,S,R,S,R,R,R,R,R,R,R,S,S,S,S,S,S,R,R,ESBL,ESBL,R,R
Res13-Croi-PEC03-01,CPEC0301,CV,CV-1,grower,feces,Escherichia coli,No,Yes,14,AugAmpFazFotFoxPodTazAxoCepChlStrSulTetSxt,R,R,S,R,S,R,R,R,R,R,R,R,S,S,S,S,S,I,R,R,ESBL,ESBL,R,R
Res13-Croi-PEC04-35,NA,CV,CV-1,grower,feces,Escherichia coli,No,No,14,AugAmpFazFotFoxPodTazAxoCepChlStrSulTetSxt,R,R,S,R,S,R,R,R,R,R,R,R,S,S,S,S,S,I,R,R,NI,NI,R,R
Res13-Croi-PEC04-13,CPEC0413,CV,CV-1,grower,feces,Escherichia coli,No,No,14,AugAmpFazFotFoxPodTazAxoCepChlStrSulTetSxt,R,R,S,R,S,R,R,R,R,R,R,R,S,S,S,S,S,S,R,R,NI,NI,R,R
Res13-Croi-PEC05-23,NA,CV,CV-1,grower,feces,Escherichia coli,No,No,14,AugAmpFazFotFoxPodTazAxoCepChlStrSulTetSxt,R,R,S,R,S,R,R,R,R,R,R,R,S,S,S,S,S,I,R,R,NI,NI,R,R
Res13-Croi-PEC06-22,NA,CV,CV-1,grower,feces,Escherichia coli,No,No,14,AugAmpFazFotFoxPodTazAxoCepChlStrSulTetSxt,R,R,S,R,S,R,R,R,R,R,R,R,S,S,S,S,S,I,R,R,NI,NI,R,R
Res13-Lact-EC02-01,LEC0201,CV,CV-1,sow,feces,Citrobacter freundii,No,No,10,AugAmpFazFotFoxPodTazAxoCepTet,R,R,S,R,S,R,R,R,R,R,R,S,S,S,S,S,S,I,S,S,NI,NI,R,S
Res13-Lact-EC05-01,LEC0501,CV,CV-1,sow,feces,Citrobacter freundii,No,No,10,AugAmpFazFotFoxPodTazAxoCepTet,R,R,S,R,S,R,R,R,R,R,R,S,S,S,S,S,S,I,S,S,NI,NI,R,S
Res13-Lact-EC07-17,LEC0717,CV,CV-1,sow,feces,Escherichia coli,No,No,10,AugAmpFazFotFoxPodTazAxoCepTet,R,R,S,R,S,R,R,R,R,R,R,S,S,S,S,S,S,I,S,S,NI,NI,R,S
Res13-Lact-PEC05-10,LPEC0510,CV,CV-1,suckler,feces,Enterobacter cloacae,No,No,10,AugAmpFazFotFoxPodTazAxoCepTet,R,R,S,R,S,R,R,R,R,R,R,S,S,S,S,S,S,S,S,S,NI,NI,R,S
Res13-Lact-PEC05-16,LPEC0516,CV,CV-1,suckler,feces,Enterobacter cloacae,No,No,10,AugAmpFazFotFoxPodTazAxoCepTet,R,R,S,R,S,R,R,R,R,R,R,S,S,S,S,S,S,S,S,S,NI,NI,R,S
Res13-Lact-PEC03-03,NA,CV,CV-1,suckler,feces,Citrobacter freundii,No,No,13,AugAmpFazFotFoxPodTazAxoCepStrSulTetSxt,R,R,S,R,S,R,R,R,R,R,R,S,S,S,S,S,S,I,R,R,NI,NI,R,R
Res13-Lact-PEC07-11,LPEC0711,CV,CV-1,suckler,feces,Escherichia coli,No,No,11,AugAmpFazFotFoxPodTazAxoCepStrTet,R,R,S,R,S,R,R,R,R,R,R,S,S,S,S,S,S,S,R,S,NI,NI,R,S
Res13-Fini-PEC11-01,FPEC1101,CV,CV-2,finisher,feces,Escherichia coli,No,No,13,AugAmpFazFotFoxPodTazAxoCepChlTzpTetSxt,R,R,S,R,S,R,R,R,R,R,R,R,S,S,S,S,S,R,R,R,NI,NI,R,R
Res13-Fini-PEC11-11,NA,CV,CV-2,finisher,feces,Escherichia coli,No,No,12,AugAmpFazFotFoxPodTazAxoCepChlTetSxt,R,R,S,R,S,R,R,R,R,R,R,R,S,S,S,S,S,S,R,R,NI,NI,R,R
Res13-Fini-PEC11-04-A,NA,CV,CV-2,finisher,feces,Escherichia coli,No,No,12,AugAmpFazFotFoxPodTazAxoCepChlTetSxt,R,R,S,R,S,R,R,R,R,R,R,R,S,S,S,S,S,S,R,R,NI,NI,R,R
Res13-Fini-PEC12-04,NA,CV,CV-2,finisher,feces,Escherichia coli,No,No,12,AugAmpFazFotFoxPodTazAxoCepChlTetSxt,R,R,S,R,S,R,R,R,R,R,R,R,S,S,S,S,S,S,R,R,NI,NI,R,R
Res13-Fini-PEC10-29,NA,CV,CV-2,finisher,feces,Escherichia coli,No,No,12,AugAmpFazFotFoxPodTazAxoCepChlTetSxt,R,R,S,R,S,R,R,R,R,R,R,R,S,S,S,S,S,S,R,R,NI,NI,R,R
Res13-Fini-PEC13-17,FPEC1317,CV,CV-2,finisher,feces,Escherichia coli,No,No,12,AugAmpFazFotFoxPodTazAxoCepChlTetSxt,R,R,S,R,S,R,R,R,R,R,R,R,S,S,S,S,S,S,R,R,NI,NI,R,R
Res13-Fini-PEC10-33,NA,CV,CV-2,finisher,feces,Escherichia coli,No,No,12,AugAmpFazFotFoxPodTazAxoCepChlTetSxt,R,R,S,R,S,R,R,R,R,R,R,R,S,S,S,S,S,I,R,R,NI,NI,R,R
Res13-Fini-PEC13-11,NA,CV,CV-2,finisher,feces,Escherichia coli,No,No,12,AugAmpFazFotFoxPodTazAxoCepChlTetSxt,R,R,S,R,S,R,R,R,R,R,R,R,S,S,S,S,S,S,R,R,NI,NI,R,R
Res13-Fini-PEC15-13,NA,CV,CV-2,finisher,feces,Escherichia coli,No,No,12,AugAmpFazFotFoxPodTazAxoCepChlTetSxt,R,R,S,R,S,R,R,R,R,R,R,R,S,S,S,S,S,S,R,R,NI,NI,R,R
Res13-Fini-PEC12-33,NA,CV,CV-2,finisher,feces,Escherichia coli,No,No,12,AugAmpFazFotFoxPodTazAxoCepChlTetSxt,R,R,S,R,S,R,R,R,R,R,R,R,S,S,S,S,S,I,R,R,NI,NI,R,R
Res13-Fini-PEC15-05,NA,CV,CV-2,finisher,feces,Escherichia coli,No,No,10,AugAmpFazFotFoxPodTazAxoCepTet,R,R,S,R,S,R,R,R,R,R,R,S,S,S,S,S,S,S,S,S,NI,NI,R,S
Res13-Fini-PEC10-36,NA,CV,CV-2,finisher,feces,Escherichia coli,No,No,14,AugAmpFazFotFoxPodTazAxoCepChlStrSulTetSxt,R,R,S,R,S,R,R,R,R,R,R,R,S,S,S,S,S,I,R,R,NI,NI,R,R
Res13-Croi-PEC11-19,CPEC1119,CV,CV-2,grower,feces,Escherichia coli,No,Yes,14,AugAmpFazFotFoxPodTazAxoCepChlStrSulTetSxt,R,R,S,R,S,R,R,R,R,R,R,R,S,S,S,S,S,S,R,R,ESBL,ESBL,R,R
Res13-Croi-PEC11-26,NA,CV,CV-2,grower,feces,Escherichia coli,No,No,14,AugAmpFazFotFoxPodTazAxoCepChlStrSulTetSxt,R,R,S,R,S,R,R,R,R,R,R,R,S,S,S,S,S,S,R,R,NI,NI,R,R
Res13-Croi-PEC11-11,NA,CV,CV-2,grower,feces,Escherichia coli,No,No,14,AugAmpFazFotFoxPodTazAxoCepChlStrSulTetSxt,R,R,S,R,S,R,R,R,R,R,R,R,S,S,S,S,S,S,R,R,NI,NI,R,R
Res13-Croi-PEC13-11,NA,CV,CV-2,grower,feces,Escherichia coli,No,No,14,AugAmpFazFotFoxPodTazAxoCepChlStrSulTetSxt,R,R,S,R,S,R,R,R,R,R,R,R,S,S,S,S,S,I,R,R,NI,NI,R,R
Res13-Croi-PEC13-17,NA,CV,CV-2,grower,feces,Escherichia coli,No,No,14,AugAmpFazFotFoxPodTazAxoCepChlStrSulTetSxt,R,R,S,R,S,R,R,R,R,R,R,R,S,S,S,S,S,I,R,R,NI,NI,R,R
Res13-Croi-PEC15-04,NA,CV,CV-2,grower,feces,Escherichia coli,No,No,14,AugAmpFazFotFoxPodTazAxoCepChlStrSulTetSxt,R,R,S,R,S,R,R,R,R,R,R,R,S,S,S,S,S,S,R,R,NI,NI,R,R
Res13-Croi-PEC15-20,CPEC1520,CV,CV-2,grower,feces,Escherichia coli,No,No,14,AugAmpFazFotFoxPodTazAxoCepChlStrSulTetSxt,R,R,S,R,S,R,R,R,R,R,R,R,S,S,S,S,S,S,R,R,NI,NI,R,R
Res13-Croi-PEC15-19,NA,CV,CV-2,grower,feces,Escherichia coli,No,No,14,AugAmpFazFotFoxPodTazAxoCepChlStrSulTetSxt,R,R,S,R,S,R,R,R,R,R,R,R,S,S,S,S,S,S,R,R,NI,NI,R,R
Res13-Lact-EC08-33,LEC0833,CV,CV-2,sow,feces,Escherichia coli,No,No,11,AugAmpFazFotFoxPodTazAxoCepStrTet,R,R,S,R,S,R,R,R,R,R,R,S,S,S,S,S,S,S,R,S,NI,NI,R,S
Res13-Lact-EC09-12,LEC0912,CV,CV-2,sow,feces,Escherichia coli,No,No,15,AugAmpFazFotFoxPodTazAxoCepChlTzpStrSulTetSxt,R,R,S,R,S,R,R,R,R,R,R,R,S,S,S,S,S,R,R,R,NI,NI,R,R
Res13-Lact-EC10-12,NA,CV,CV-2,sow,feces,Escherichia coli,No,No,13,AugAmpFazFotFoxPodTazAxoCepStrSulTetSxt,R,R,S,R,S,R,R,R,R,R,R,S,S,S,S,S,S,S,R,R,NI,NI,R,R
Res13-Lact-EC11-13,NA,CV,CV-2,sow,feces,Escherichia coli,No,No,13,AugAmpFazFotFoxPodTazAxoCepStrSulTetSxt,R,R,S,R,S,R,R,R,R,R,R,S,S,S,S,S,S,I,R,R,NI,NI,R,R
Res13-Lact-EC12-13,LEC1213,CV,CV-2,sow,feces,Escherichia coli,No,No,12,AugAmpFazFotFoxPodTazAxoCepStrSulTet,R,R,S,R,S,R,R,R,R,R,R,S,S,S,S,S,S,S,R,R,NI,NI,R,S
Res13-Lact-EC13-32,LEC1332,CV,CV-2,sow,feces,Escherichia coli,No,No,13,AugAmpFazFotFoxPodTazAxoCepStrSulTetSxt,R,R,S,R,S,R,R,R,R,R,R,S,S,S,S,S,S,I,R,R,NI,NI,R,R
Res13-Lact-PEC08-09,LPEC0809,CV,CV-2,suckler,feces,Escherichia coli,No,No,13,AugAmpFazFotFoxPodTazAxoCepChlSulTetSxt,R,R,S,R,S,R,R,R,R,R,R,R,S,S,S,S,S,I,S,R,NI,NI,R,R
Res13-Lact-PEC08-04,NA,CV,CV-2,suckler,feces,Escherichia coli,No,No,13,AugAmpFazFotFoxPodTazAxoCepChlStrSulTet,R,R,S,R,S,R,R,R,R,R,R,R,S,S,S,S,S,S,R,R,NI,NI,R,S
Res13-Lact-PEC10-02,NA,CV,CV-2,suckler,feces,Escherichia coli,No,No,13,AugAmpFazFotFoxPodTazAxoCepStrSulTetSxt,R,R,S,R,S,R,R,R,R,R,R,S,S,S,S,S,S,I,R,R,NI,NI,R,R
Res13-Lact-PEC11-32,LPEC1132,CV,CV-2,suckler,feces,Escherichia coli,No,No,14,AugAmpFazFotFoxPodTazAxoCepTzpStrSulTetSxt,R,R,S,R,S,R,R,R,R,R,R,S,S,S,S,S,S,R,R,R,NI,NI,R,R
Res13-Lact-PEC12-28,NA,CV,CV-2,suckler,feces,Escherichia coli,No,No,11,AugAmpFazFotFoxPodTazAxoCepChlTet,R,R,S,R,S,R,R,R,R,R,R,R,S,S,S,S,S,I,S,S,NI,NI,R,S
Res13-Lact-PEC12-21,NA,CV,CV-2,suckler,feces,Escherichia coli,No,No,12,AugAmpFazFotFoxPodTazAxoCepChlStrTet,R,R,S,R,S,R,R,R,R,R,R,R,S,S,S,S,S,S,R,S,NI,NI,R,S
Res13-Lact-PEC13-07,NA,CV,CV-2,suckler,feces,Escherichia coli,No,No,11,AmpFazFotFoxPodTazAxoCepChlSulTet,I,R,S,R,S,R,R,R,R,R,R,R,S,S,S,S,S,S,S,R,NI,NI,R,S
Res13-Sevr-PEC09-47,SPEC0947,CV,CV-2,weaner,feces,Enterobacter cloacae,No,No,11,AugAmpFazFotFoxPodTazAxoCepTzpTet,R,R,S,R,S,R,R,R,R,R,R,S,S,S,S,S,S,R,S,S,NI,NI,R,S
Res13-Sevr-PEC09-36,SPEC0936,CV,CV-2,weaner,feces,Enterobacter cloacae,No,No,11,AugAmpFazFotFoxPodTazAxoCepTzpTet,R,R,S,R,SD,R,R,R,R,R,R,S,S,S,S,S,S,R,S,S,NI,NI,R,S
Res13-Fini_AlimEC1-01,NA,CV,CV-1,finisher,feed,Stenotrophomonas maltophilia,No,No,6,AugFazCepGenImpStr,R,NI,S,R,NI,NI,NI,NI,S,NI,R,S,NI,R,R,NI,S,NI,R,S,NI,NI,NI,S
Res13-Fini_AlimEC1-12,NA,CV,CV-1,finisher,feed,Salmonella enterica arizonae,No,No,6,AugAmpFazPodTazCep,R,R,S,R,NI,I,NI,R,R,I,R,S,NI,S,S,NI,S,NI,S,S,NI,NI,S,S
Res13-Fini_AlimEC2-02,NA,CV,CV-2,finisher,feed,Escherichia coli,No,No,10,AugAmpFazFotFoxPodTazAxoCepTet,R,R,S,R,S,R,R,R,R,R,R,S,S,S,S,S,S,S,S,S,NI,NI,R,S
Res13-Sevr_AlimEC2-20,NA,CV,CV-2,weaner,feed,Pseudomonas fluorescens/putida,No,No,5,AugFazTazCepChl,R,NI,S,R,S,I,NI,NI,R,I,R,R,S,S,S,S,S,S,S,S,NI,NI,NI,S
Res13-Sevr_AlimEC2-17,NA,CV,CV-2,weaner,feed,Pseudomonas luteola,No,No,8,AugFazCepChlNalStrSulSxt,R,NI,S,R,S,I,NI,NI,I,I,R,R,S,S,S,S,R,S,R,R,NI,NI,NI,R
Res13-Abat_PEA15_P4-01,NA,AF3,AF3-3,carcass,swab,Enterobacter cloacae,,,12,AugAmpFazFotFoxPodTazAxoCepTzpSulSxt,R,R,S,R,S,R,R,R,R,R,R,S,S,S,S,S,S,R,S,R,NI,NI,S,R
Res13-Abat-EA3-S5-2,NA,AF3,AF3-3,carcass,swab,Acinetobacter,No,No,4,AugFazCepChl,R,I,S,R,S,S,R,S,S,S,R,R,S,S,S,S,S,S,S,S,NI,NI,S,S
Res13-Abat-PEA16-P5-1,NA,AF3,AF3-3,carcass,swab,Acinetobacter,No,No,4,AugFazCepChl,R,R,S,R,S,S,R,S,S,S,R,R,S,S,S,S,S,S,S,S,NI,NI,S,S
Res13-Abat-PEA20-P5-2,NA,AF3,AF3-3,carcass,swab,Acinetobacter,No,No,4,AugFazCepChl,R,R,S,R,S,S,R,S,S,S,R,R,S,S,S,S,S,S,S,S,NI,NI,S,S
Res13-Abat-PEA21-P1-1,NA,AF3,AF3-3,carcass,swab,Enterobacter cloacae,No,No,9,AugAmpFazFotFoxPodTazAxoCep,R,R,S,R,S,R,R,R,R,R,R,S,S,S,S,S,S,I,S,S,NI,NI,S,S
Res13-Abat-PEA21-P1-2,NA,AF3,AF3-3,carcass,swab,Enterobacter cloacae,No,No,9,AugAmpFazFotFoxPodTazAxoCep,R,R,S,R,S,R,R,R,R,R,R,S,S,S,S,S,S,I,S,S,NI,NI,S,S
Res13-Abat-PEA21-P4-1,NA,AF3,AF3-3,carcass,swab,Acinetobacter,No,No,4,AugFazCepChl,R,R,S,R,S,S,R,S,S,S,R,R,S,S,S,S,S,S,S,S,NI,NI,S,S
Res13-Abat-PEA24-P1-1,NA,AF3,AF3-4,carcass,swab,Enterobacter cloacae,No,No,10,AugAmpFazFotFoxPodTazAxoCepStr,R,R,S,R,S,R,R,R,R,R,R,S,S,S,S,S,S,I,R,S,NI,NI,S,S
Res13-Abat-PEA24-P1-2,NA,AF3,AF3-4,carcass,swab,Enterobacter cloacae,No,No,10,AugAmpFazFotFoxPodTazAxoCepStr,R,R,S,R,S,R,R,R,R,R,R,S,S,S,S,S,S,I,R,S,NI,NI,S,S
Res13-Abat-PEA24-P4-1,NA,AF3,AF3-4,carcass,swab,Enterobacter cloacae,No,No,9,AugAmpFazFotFoxPodTazAxoCep,R,R,S,R,S,R,R,R,R,R,R,S,S,S,S,S,S,I,S,S,NI,NI,S,S
Res13-Abat-PEA24-P4-2,NA,AF3,AF3-4,carcass,swab,Enterobacter cloacae,No,No,9,AugAmpFazFotFoxPodTazAxoCep,R,R,S,R,S,R,R,R,R,R,R,S,S,S,S,S,S,I,S,S,NI,NI,S,S
Res13-Abat-PEA24-P5-01-A,APEA24P501A,AF3,AF3-4,carcass,swab,Enterobacter cloacae,,,10,AugAmpFazFotFoxPodTazAxoCepTzp,R,R,S,R,S,R,R,R,R,R,R,S,S,S,S,S,S,R,S,S,NI,NI,S,S
Res13-Abat-PEA24-P5-01-B,NA,AF3,AF3-4,carcass,swab,Burkholderia cepacia,,,8,AugFazTazCepChlGenImpStr,R,NI,S,R,NI,NI,NI,NI,R,NI,R,R,NI,R,R,S,S,NI,R,S,NI,NI,NI,S
Res13-Abat-PEA25-P4-1,NA,AF3,AF3-4,carcass,swab,Acinetobacter,No,No,9,AugFazFepFotTazAxoCepChlTzp,R,R,S,R,R,R,R,R,R,R,R,R,S,S,S,S,S,R,S,S,NI,NI,S,S
Res13-Abat-PEA25-P4-2,NA,AF3,AF3-4,carcass,swab,Escherichia coli 1,No,No,13,AugAmpFazFepFotFoxPodTazAxoCepChlTzpStr,R,R,S,R,R,R,R,R,R,R,R,R,S,S,S,S,S,R,R,S,NI,NI,S,S
Res13-Abat-PEA25-P5-2,NA,AF3,AF3-4,carcass,swab,Acinetobacter,No,No,4,AugFazCepChl,R,R,S,R,S,S,R,S,S,S,R,R,S,S,S,S,S,S,S,S,NI,NI,S,S
Res13-Abat-PEA28-P5-2,NA,AF3,AF3-4,carcass,swab,Acinetobacter,No,No,4,AugFazCepChl,R,R,S,R,S,S,R,S,S,S,R,R,S,S,S,S,S,S,S,S,NI,NI,S,S
Res13-Abat-PEB01-P1-4,NA,AF1,AF1-1,carcass,swab,Klebsiella pneumoniae ssp pneumoniae 2,No,No,1,Amp,S,R,S,S,S,S,S,S,S,S,S,S,S,S,S,S,S,S,S,S,NI,NI,S,S
Res13-Abat-PEB19-P1-2,NA,AF1,AF1-3,carcass,swab,Enterobacter cloacae,No,No,9,AugAmpFazFotFoxPodTazAxoCep,R,R,S,R,S,R,R,R,R,R,R,S,S,S,S,S,S,S,S,S,NI,NI,S,S
Res13-Abat-PEC07-P3-1-a,NA,CV,CV-1,carcass,swab,Acinetobacter,No,No,4,AugFazCepChl,R,I,S,R,S,S,R,S,S,S,R,R,S,S,S,S,S,S,S,S,NI,NI,S,S
Res13-Abat-PEC08-P2-1,NA,CV,CV-2,carcass,swab,Acinetobacter,No,No,4,AugFazCepChl,R,I,S,R,S,S,R,S,S,S,R,R,S,S,S,S,S,S,S,S,NI,NI,S,S
Res13-Abat-PEC09-P3-2,NA,CV,CV-2,carcass,swab,Acinetobacter,No,No,4,AugFazCepChl,R,I,S,R,S,S,R,S,S,S,R,R,S,S,S,S,S,S,S,S,NI,NI,S,S
Res13-Abat-PEC10-P4-1,NA,CV,CV-2,carcass,swab,Acinetobacter,No,No,4,AugFazCepChl,R,I,S,R,S,S,R,S,S,S,R,R,S,S,S,S,S,S,S,S,NI,NI,S,S
Res13-Abat-PEC12-P5-2,NA,CV,CV-2,carcass,swab,Acinetobacter,No,No,4,AugFazCepChl,R,I,S,R,S,S,R,S,S,S,R,R,S,S,S,S,S,S,S,S,NI,NI,S,S
Res13-Abat-PEC13-P2-1,NA,CV,CV-2,carcass,swab,Acinetobacter,No,No,4,AugFazCepChl,R,I,S,R,S,S,R,S,S,S,R,R,S,S,S,S,S,S,S,S,NI,NI,S,S
Res13-Abat-PEC14-P4-1,NA,CV,CV-2,carcass,swab,Acinetobacter,No,No,4,AugFazCepChl,R,I,S,R,S,S,R,S,S,S,R,R,S,S,S,S,S,S,S,S,NI,NI,S,S
Res13-Abat-PEC15-P5-2,NA,CV,CV-2,carcass,swab,Acinetobacter,No,No,4,AugFazCepChl,R,I,S,R,S,S,R,S,S,S,R,R,S,S,S,S,S,S,S,S,NI,NI,S,S
Res13-Abat-PEA15-P4-01,APEA15P401,NA,NA,NA,NA,NA,NA,NA,NA,NA,NA,NA,NA,NA,NA,NA,NA,NA,NA,NA,NA,NA,NA,NA,NA,NA,NA,NA,NA,NA,NA,NA,NA,NA
Res13-Lact-EB12-05,LEB1205,NA,NA,NA,NA,NA,NA,NA,NA,NA,NA,NA,NA,NA,NA,NA,NA,NA,NA,NA,NA,NA,NA,NA,NA,NA,NA,NA,NA,NA,NA,NA,NA,NA
Res13-Lact-ER07-09,LER0709,NA,NA,NA,NA,NA,NA,NA,NA,NA,NA,NA,NA,NA,NA,NA,NA,NA,NA,NA,NA,NA,NA,NA,NA,NA,NA,NA,NA,NA,NA,NA,NA,NA
Res13-Lact-LEA2-09,LLEA209,NA,NA,NA,NA,NA,NA,NA,NA,NA,NA,NA,NA,NA,NA,NA,NA,NA,NA,NA,NA,NA,NA,NA,NA,NA,NA,NA,NA,NA,NA,NA,NA,NA
Res13-Lact-LEB3-02,LLEB302,NA,NA,NA,NA,NA,NA,NA,NA,NA,NA,NA,NA,NA,NA,NA,NA,NA,NA,NA,NA,NA,NA,NA,NA,NA,NA,NA,NA,NA,NA,NA,NA,NA
Res13-Lact-LEB3-09,LLEB309,NA,NA,NA,NA,NA,NA,NA,NA,NA,NA,NA,NA,NA,NA,NA,NA,NA,NA,NA,NA,NA,NA,NA,NA,NA,NA,NA,NA,NA,NA,NA,NA,NA
Res13-Lact-PEA13-09,LPEA1309,NA,NA,NA,NA,NA,NA,NA,NA,NA,NA,NA,NA,NA,NA,NA,NA,NA,NA,NA,NA,NA,NA,NA,NA,NA,NA,NA,NA,NA,NA,NA,NA,NA
Res13-Lact-PEB08-01,LPEB0801,NA,NA,NA,NA,NA,NA,NA,NA,NA,NA,NA,NA,NA,NA,NA,NA,NA,NA,NA,NA,NA,NA,NA,NA,NA,NA,NA,NA,NA,NA,NA,NA,NA
