strain,husb,husb_group,animal_type,sample_type,genus,CRE,ESBL,MAR,MAR_profile,AUG,AMP,AZI,FAZ,FEP,FOT,FOX,POD,TAZ,AXO,CEP,CHL,CIP,GEN,IMP,MEM,NAL,TZP,STR,SUL,FTC,CCV,TET,SXT
Res13-Lact-LEB1-11-b,AF1,AF1-1,sow,manure,Escherichia coli,No,Yes,9,AmpFazFotPodTazAxoCepSulSxt,0,1,0,1,0,1,0,1,1,1,1,0,0,0,0,0,0,0,0,1,1,1,0,1
Res13-Lact-PEB01-20,AF1,AF1-1,suckler,feces,Escherichia coli,No,Yes,10,AmpFazFotPodTazAxoCepSulTetSxt,0,1,0,1,0,1,0,1,1,1,1,0,0,0,0,0,0,0,0,1,1,1,1,1
Res13-Lact-EB12-33,AF1,AF1-2,sow,feces,Escherichia coli,No,Yes,9,AmpFazFotPodTazAxoCepSulSxt,0,1,0,1,0,1,0,1,1,1,1,0,0,0,0,0,0,0,0,1,1,0,0,1
Res13-Lact-EB12-05,AF1,AF1-2,sow,feces,Escherichia coli,No,Yes,10,AmpFazFotPodTazAxoCepSulTetSxt,0,1,0,1,0,1,0,1,1,1,1,0,0,0,0,0,0,0,0,1,1,0,1,1
Res13-Lact-EB13-22,AF1,AF1-2,sow,feces,Escherichia coli,No,Yes,9,AmpFazFotPodTazAxoCepSulSxt,0,1,0,1,0,1,0,1,1,1,1,0,0,0,0,0,0,0,0,1,1,0,0,1
Res13-Lact-EB13-15,AF1,AF1-2,sow,feces,Escherichia coli,No,Yes,9,AmpFazFotPodTazAxoCepSulSxt,0,1,0,1,0,1,0,1,1,1,1,0,0,0,0,0,0,0,0,1,1,0,0,1
Res13-Lact-PEB08-33,AF1,AF1-2,suckler,feces,Escherichia coli,No,Yes,9,AmpFazFotPodTazAxoCepSulSxt,0,1,0,1,0,1,0,1,1,1,1,0,0,0,0,0,0,0,0,1,1,1,0,1
Res13-Lact-PEB08-01,AF1,AF1-2,suckler,feces,Escherichia coli,No,Yes,9,AmpFazFotPodTazAxoCepSulSxt,0,1,0,1,0,1,0,1,1,1,1,0,0,0,0,0,0,0,0,1,1,1,0,1
Res13-Lact-PEB09-33,AF1,AF1-2,suckler,feces,Escherichia coli,No,Yes,9,AmpFazFotPodTazAxoCepSulSxt,0,1,0,1,0,1,0,1,1,1,1,0,0,0,0,0,0,0,0,1,1,1,0,1
Res13-Lact-PEB09-34,AF1,AF1-2,suckler,feces,Escherichia coli,No,Yes,11,AmpFazFotPodTazAxoCepStrSulTetSxt,0,1,0,1,0,1,0,1,1,1,1,0,0,0,0,0,0,0,1,1,1,1,1,1
Res13-Lact-PEB13-33,AF1,AF1-2,suckler,feces,Escherichia coli,No,Yes,9,AmpFazFotPodTazAxoCepSulSxt,0,1,0,1,0,1,0,1,1,1,1,0,0,0,0,0,0,0,0,1,1,0,0,1
Res13-Lact-PEB13-34,AF1,AF1-2,suckler,feces,Escherichia coli,No,Yes,9,AmpFazFotPodTazAxoCepSulSxt,0,1,0,1,0,1,0,1,1,1,1,0,0,0,0,0,0,0,0,1,1,0,0,1
Res13-Lact-PEB14-36,AF1,AF1-2,suckler,feces,Escherichia coli,No,Yes,10,AmpFazFotPodTazAxoCepSulTetSxt,0,1,0,1,0,1,0,1,1,1,1,0,0,0,0,0,0,0,0,1,1,1,1,1
Res13-Lact-EB15-09,AF1,AF1-3,sow,feces,Escherichia coli,No,Yes,11,AmpFazFotFoxPodTazAxoCepSulTetSxt,0,1,0,1,0,1,1,1,1,1,1,0,0,0,0,0,0,0,0,1,1,0,1,1
Res13-Lact-LEB3-09,AF1,AF1-3,sow,manure,Escherichia coli,No,Yes,10,AmpFazFotPodTazAxoCepSulTetSxt,0,1,0,1,0,1,0,1,1,1,1,0,0,0,0,0,0,0,0,1,1,1,1,1
Res13-Lact-LEB3-02,AF1,AF1-3,sow,manure,Escherichia coli,No,No,12,AugAmpFazFotFoxPodTazAxoCepStrSulSxt,1,1,0,1,0,1,1,1,1,1,1,0,0,0,0,0,0,0,1,1,0,0,0,1
Res13-Lact-LEB3-27,AF1,AF1-3,sow,manure,Escherichia coli,No,No,12,AugAmpFazFotFoxPodTazAxoCepStrSulSxt,1,1,0,1,0,1,1,1,1,1,1,0,0,0,0,0,0,1,1,1,0,0,0,1
Res13-Lact-LEB3-12,AF1,AF1-3,sow,manure,Escherichia coli,No,No,12,AugAmpFazFotFoxPodTazAxoCepStrSulSxt,1,1,0,1,0,1,1,1,1,1,1,0,0,0,0,0,0,0,1,1,0,0,0,1
Res13-Lact-LEB3-20,AF1,AF1-3,sow,manure,Escherichia coli,No,No,12,AugAmpFazFotFoxPodTazAxoCepStrSulSxt,1,1,0,1,0,1,1,1,1,1,1,0,0,0,0,0,0,0,1,1,0,0,0,1
Res13-Lact-LEB3-37,AF1,AF1-3,sow,manure,Escherichia fergusonii,No,No,6,AmpFazFotPodAxoCep,0,1,0,1,0,1,0,1,0,1,1,0,0,0,0,0,0,0,0,0,0,0,0,0
Res13-Lact-PEB17-17,AF1,AF1-3,suckler,feces,Escherichia fergusonii,No,Yes,7,AmpFazFotPodTazAxoCep,0,1,0,1,0,1,0,1,1,1,1,0,0,0,0,0,0,0,0,0,1,1,0,0
Res13-Lact-PEB17-18,AF1,AF1-3,suckler,feces,Escherichia coli,No,No,12,AugAmpFazFotFoxPodTazAxoCepStrSulSxt,1,1,0,1,0,1,1,1,1,1,1,0,0,0,0,0,0,0,1,1,0,0,0,1
Res13-Lact-PEB17-37,AF1,AF1-3,suckler,feces,Escherichia fergusonii,No,No,6,AmpFazFotPodAxoCep,0,1,0,1,0,1,0,1,0,1,1,0,0,0,0,0,0,0,0,0,0,0,0,0
Res13-Lact-PEB17-36,AF1,AF1-3,suckler,feces,Escherichia coli,No,No,4,AmpStrSulSxt,0,1,0,0,0,0,0,0,0,0,0,0,0,0,0,0,0,0,1,1,0,0,0,1
Res13-Lact-PEB18-16,AF1,AF1-3,suckler,feces,Escherichia coli,No,No,12,AugAmpFazFotFoxPodTazAxoCepStrSulSxt,1,1,0,1,0,1,1,1,1,1,1,0,0,0,0,0,0,0,1,1,0,0,0,1
Res13-Lact-PEB20-37,AF1,AF1-3,suckler,feces,Escherichia fergusonii,No,Yes,6,AmpFazFotPodAxoCep,0,1,0,1,0,1,0,1,0,1,1,0,0,0,0,0,0,0,0,0,1,1,0,0
Res13-Lact-PEB21-38,AF1,AF1-3,suckler,feces,Escherichia fergusonii,No,Yes,6,AmpFazFotPodAxoCep,0,1,0,1,0,1,0,1,0,1,1,0,0,0,0,0,0,0,0,0,1,1,0,0
Res13-Sevr-PEB21-01,AF1,AF1-3,weaner,feces,Escherichia coli,No,Yes,7,AmpFazFotPodTazAxoCep,0,1,0,1,0,1,0,1,1,1,1,0,0,0,0,0,0,0,0,0,1,1,0,0
Res13-Lact-ER01-35,AF2,AF2-1,sow,feces,Escherichia coli,No,Yes,9,AmpFazFotPodTazAxoCepSulSxt,0,1,0,1,0,1,0,1,1,1,1,0,0,0,0,0,0,0,0,1,1,1,0,1
Res13-Lact-ER02-33,AF2,AF2-1,sow,feces,Escherichia coli,No,Yes,12,AmpFazFotPodTazAxoCepGenStrSulTetSxt,0,1,0,1,0,1,0,1,1,1,1,0,0,1,0,0,0,0,1,1,1,1,1,1
Res13-Lact-ER02-39,AF2,AF2-1,sow,feces,Escherichia coli,No,Yes,12,AmpFazFotPodTazAxoCepGenStrSulTetSxt,0,1,0,1,0,1,0,1,1,1,1,0,0,1,0,0,0,0,1,1,1,1,1,1
Res13-Lact-ER07-18,AF2,AF2-1,sow,feces,Escherichia coli,No,Yes,10,AmpFazFotPodTazAxoCepNalSulSxt,0,1,0,1,0,1,0,1,1,1,1,0,0,0,0,0,1,0,0,1,1,0,0,1
Res13-Lact-ER07-19,AF2,AF2-1,sow,feces,Escherichia coli,No,Yes,12,AmpFazFotPodTazAxoCepGenStrSulTetSxt,0,1,0,1,0,1,0,1,1,1,1,0,0,1,0,0,0,0,1,1,1,0,1,1
Res13-Lact-ER07-27,AF2,AF2-1,sow,feces,Escherichia coli,No,Yes,12,AmpFazFotPodTazAxoCepGenStrSulTetSxt,0,1,0,1,0,1,0,1,1,1,1,0,0,1,0,0,0,0,1,1,1,0,1,1
Res13-Lact-ER07-29,AF2,AF2-1,sow,feces,Escherichia coli,No,Yes,12,AmpFazFotPodTazAxoCepGenStrSulTetSxt,0,1,0,1,0,1,0,1,1,1,1,0,0,1,0,0,0,0,1,1,1,1,1,1
Res13-Lact-ER07-09,AF2,AF2-1,sow,feces,Escherichia coli,No,No,12,AugAmpFazFotFoxPodTazAxoCepStrSulTet,1,1,0,1,0,1,1,1,1,1,1,0,0,0,0,0,0,0,1,1,0,0,1,0
Res13-Lact-ER07-10,AF2,AF2-1,sow,feces,Escherichia coli,No,No,12,AugAmpFazFotFoxPodTazAxoCepStrSulTet,1,1,0,1,0,1,1,1,1,1,1,0,0,0,0,0,0,0,1,1,0,0,1,0
Res13-Lact-ER07-26,AF2,AF2-1,sow,feces,Escherichia coli,No,Yes,12,AmpFazFotPodTazAxoCepGenStrSulTetSxt,0,1,0,1,0,1,0,1,1,1,1,0,0,1,0,0,0,0,1,1,1,1,1,1
Res13-Lact-LER1-03,AF2,AF2-1,sow,manure,Escherichia coli,No,Yes,9,AmpFazFotPodTazAxoCepSulSxt,1,1,0,1,0,1,0,1,1,1,1,0,0,0,0,0,0,0,0,1,1,1,0,1
Res13-Lact-LER1-21,AF2,AF2-1,sow,manure,Escherichia coli,No,Yes,12,AmpFazFotPodTazAxoCepGenStrSulTetSxt,0,1,0,1,0,1,0,1,1,1,1,0,0,1,0,0,0,0,1,1,1,1,1,1
Res13-Lact-PER01-35,AF2,AF2-1,suckler,feces,Escherichia coli,No,Yes,12,AmpFazFotPodTazAxoCepGenStrSulTetSxt,0,1,0,1,0,1,0,1,1,1,1,0,0,1,0,0,0,0,1,1,1,1,1,1
Res13-Lact-PER01-36,AF2,AF2-1,suckler,feces,Escherichia coli,No,Yes,12,AmpFazFotPodTazAxoCepGenStrSulTetSxt,0,1,0,1,0,1,0,1,1,1,1,0,0,1,0,0,0,0,1,1,1,1,1,1
Res13-Lact-PER01-38,AF2,AF2-1,suckler,feces,Escherichia coli,No,Yes,12,AmpFazFotPodTazAxoCepGenStrSulTetSxt,0,1,0,1,0,1,0,1,1,1,1,0,0,1,0,0,0,0,1,1,1,1,1,1
Res13-Lact-PER01-40,AF2,AF2-1,suckler,feces,Escherichia coli,No,Yes,12,AmpFazFotPodTazAxoCepGenStrSulTetSxt,0,1,0,1,0,1,0,1,1,1,1,0,0,1,0,0,0,0,1,1,1,1,1,1
Res13-Lact-PER02-33,AF2,AF2-1,suckler,feces,Escherichia coli,No,Yes,12,AmpFazFotPodTazAxoCepGenStrSulTetSxt,0,1,0,1,0,1,1,1,1,1,1,1,0,1,0,0,0,0,1,1,1,1,1,1
Res13-Lact-PER02-35,AF2,AF2-1,suckler,feces,Escherichia coli,No,Yes,12,AmpFazFotPodTazAxoCepGenStrSulTetSxt,0,1,0,1,0,1,0,1,1,1,1,0,0,1,0,0,0,0,1,1,1,1,1,1
Res13-Lact-PER02-34,AF2,AF2-1,suckler,feces,Escherichia coli,No,Yes,12,AmpFazFotPodTazAxoCepGenStrSulTetSxt,0,1,0,1,0,1,0,1,1,1,1,0,0,1,0,0,0,0,1,1,1,1,1,1
Res13-Lact-PER02-36,AF2,AF2-1,suckler,feces,Escherichia coli,No,Yes,12,AmpFazFotPodTazAxoCepGenStrSulTetSxt,0,1,0,1,0,1,0,1,1,1,1,0,0,1,0,0,0,0,1,1,1,1,1,1
Res13-Lact-PER02-44,AF2,AF2-1,suckler,feces,Escherichia coli,No,Yes,12,AmpFotPodTazAxoCepCipGenStrSulTetSxt,0,1,0,0,0,1,0,1,1,1,1,0,1,1,0,0,0,0,1,1,1,1,1,1
Res13-Lact-PER04-33,AF2,AF2-1,suckler,feces,Escherichia coli,No,Yes,12,AmpFazFotPodTazAxoCepGenStrSulTetSxt,0,1,0,1,0,1,0,1,1,1,1,0,0,1,0,0,0,0,1,1,1,1,1,1
Res13-Lact-PER04-34,AF2,AF2-1,suckler,feces,Escherichia coli,No,Yes,12,AmpFazFotPodTazAxoCepGenStrSulTetSxt,0,1,0,1,0,1,0,1,1,1,1,0,0,1,0,0,0,0,1,1,1,1,1,1
Res13-Sevr-LER1-36-a,AF2,AF2-1,weaner,manure,Serratia fonticola,No,No,5,AmpFazPodAxoCep,0,1,0,1,0,1,1,1,0,1,1,0,0,0,0,0,0,0,0,1,0,0,0,0
Res13-Sevr-LER1-36-b,AF2,AF2-1,weaner,manure,Serratia fonticola,No,No,3,AmpFazCep,0,1,0,1,0,0,1,1,0,0,1,0,0,0,0,0,0,0,0,0,0,0,0,0
Res13-Sevr-LER1-34,AF2,AF2-1,weaner,manure,Escherichia coli,No,Yes,10,AmpFazFotPodTazAxoCepGenTetSxt,0,1,0,1,0,1,0,1,1,1,1,0,0,1,0,0,0,0,1,1,1,1,1,1
Res13-Sevr-PER06-5-b,AF2,AF2-1,weaner,feces,Escherichia coli,No,Yes,10,AmpFazFotPodTazAxoCepGenTetSxt,0,1,0,1,0,1,0,1,1,1,1,0,0,1,0,0,0,0,1,1,1,1,1,1
Res13-Sevr-PER07-33,AF2,AF2-1,weaner,feces,Escherichia coli,No,Yes,8,AmpFazFotPodTazAxoCepSxt,0,1,0,1,0,1,0,1,1,1,1,0,0,0,0,0,0,0,0,1,1,1,0,1
Res13-Lact-LER2-34,AF2,AF2-2,sow,manure,Escherichia coli,No,Yes,12,AmpFazFotPodTazAxoCepGenStrSulTetSxt,0,1,0,1,0,1,0,1,1,1,1,0,0,1,0,0,0,0,1,1,1,1,1,1
Res13-Lact-LER2-35-a,AF2,AF2-2,sow,manure,Citrobacter braakii,No,No,10,AugAmpFazFotFoxPodTazAxoCepTet,1,1,0,1,0,1,1,1,1,1,1,0,0,0,0,0,0,0,0,0,0,0,1,0
Res13-Lact-LER2-35-b,AF2,AF2-2,sow,manure,Citrobacter braakii,No,No,10,AugAmpFazFotFoxPodTazAxoCepTet,1,1,0,1,0,1,1,1,1,1,1,0,0,0,0,0,0,0,0,0,0,0,1,0
Res13-Lact-PER08-34,AF2,AF2-2,suckler,feces,Escherichia coli,No,Yes,11,AmpFazFotPodTazAxoCepStrSulTetSxt,1,1,0,1,0,1,0,1,1,1,1,0,0,0,0,0,0,0,1,1,1,1,1,1
Res13-Lact-PER09-33,AF2,AF2-2,suckler,feces,Escherichia coli,No,Yes,7,AmpFazFotPodTazAxoCep,0,1,0,1,0,1,0,1,1,1,1,0,0,0,0,0,0,0,0,1,1,1,0,1
Res13-Lact-PER10-32,AF2,AF2-2,suckler,feces,Escherichia coli,No,Yes,5,FotPodTazAxoCep,0,0,0,0,0,1,0,1,1,1,1,0,0,1,0,0,0,0,1,1,1,1,1,1
Res13-Lact-PER12-33,AF2,AF2-2,suckler,feces,Escherichia coli,No,Yes,12,AmpFazFotPodTazAxoCepGenStrSulTetSxt,0,1,0,1,0,1,0,1,1,1,1,0,0,1,0,0,0,0,1,1,1,1,1,1
Res13-Lact-PER12-34,AF2,AF2-2,suckler,feces,Escherichia coli,No,Yes,10,AmpFazFotPodTazAxoCepSulTetSxt,0,1,0,1,0,1,0,1,1,1,1,0,0,0,0,0,0,0,0,1,1,1,1,1
Res13-Lact-PER13-34,AF2,AF2-2,suckler,feces,Escherichia coli,No,Yes,9,AmpFazFotPodTazAxoCepSulSxt,0,1,0,1,0,1,0,1,1,1,1,0,0,0,0,0,0,0,0,1,1,1,0,1
Res13-Lact-PER13-36,AF2,AF2-2,suckler,feces,Escherichia coli,No,Yes,8,AmpFazFotPodTazAxoCepSxt,0,1,0,1,0,1,0,1,1,1,1,0,0,0,0,0,0,0,0,1,0,0,0,1
Res13-Sevr-LER2-35,AF2,AF2-2,weaner,manure,Providencia rettgeri,Yes,No,14,AugAmpFazFepFotFoxPodTazAxoCepGenImpMemTet,1,1,1,1,1,1,1,1,1,1,1,1,0,1,1,1,0,0,0,1,0,0,1,0
Res13-Sevr-LER2-33,AF2,AF2-2,weaner,manure,Providencia rettgeri,Yes,No,13,AugAmpFazFepFotFoxPodTazAxoCepImpMemTet,1,1,1,1,1,1,1,1,1,1,1,1,0,1,1,1,0,0,0,1,0,0,1,0
Res13-Sevr-LER2-36,AF2,AF2-2,weaner,manure,Providencia rettgeri,Yes,No,13,AugAmpFazFepFotFoxPodTazAxoCepImpMemTet,1,1,1,1,1,1,1,1,1,1,1,1,0,1,1,1,0,0,0,1,0,0,1,0
Res13-Sevr-LER2-34,AF2,AF2-2,weaner,manure,Providencia rettgeri,Yes,No,14,AugAmpFazFepFotFoxPodTazAxoCepGenImpMemTet,1,1,1,1,1,1,1,1,1,1,1,1,0,1,1,1,0,0,0,1,0,0,1,0
Res13-Lact-EA04-23,AF3,AF3-1,sow,feces,Escherichia coli,No,Yes,13,AugAmpAziFazFotFoxPodAxoCepChlNalSulSxt,1,1,1,1,0,1,1,1,0,1,1,1,0,0,0,0,1,0,0,1,0,1,1,1
Res13-Lact-EA04-08,AF3,AF3-1,sow,feces,Escherichia coli,No,Yes,11,AmpFazFotPodTazAxoCepStrSulTetSxt,0,1,0,1,0,1,0,1,1,1,1,0,0,0,0,0,0,0,1,1,1,1,1,1
Res13-Lact-EA04-24,AF3,AF3-1,sow,feces,Escherichia coli,No,Yes,11,AmpFazFotPodTazAxoCepStrSulTetSxt,1,1,0,1,0,1,0,1,1,1,1,0,0,0,0,0,0,0,1,1,1,1,1,1
Res13-Lact-EA06-22,AF3,AF3-1,sow,feces,Escherichia coli,No,Yes,11,AmpFazFotPodTazAxoCepStrSulTetSxt,0,1,0,1,0,1,0,1,1,1,1,0,0,0,0,0,0,0,1,1,1,1,1,1
Res13-Lact-EA06-30,AF3,AF3-1,sow,feces,Escherichia coli,No,Yes,10,AmpFazFotPodTazAxoCepStrSulSxt,0,1,0,1,0,1,0,1,1,1,1,0,0,0,0,0,0,0,1,1,1,0,0,1
Res13-Lact-EA06-23,AF3,AF3-1,sow,feces,Escherichia coli,No,Yes,11,AmpFazFotPodTazAxoCepStrSulTetSxt,0,1,0,1,0,1,0,1,1,1,1,0,0,0,0,0,0,0,1,1,1,1,1,1
Res13-Lact-LEA1-18,AF3,AF3-1,sow,manure,Shewanella putrefaciens group,No,Yes,11,AmpFazFepFotPodTazAxoCepStrSulSxt,0,1,0,1,1,1,0,1,1,1,1,1,0,0,1,0,0,1,1,1,1,1,1,1
Res13-Lact-PEA06-10,AF3,AF3-1,suckler,feces,Escherichia coli,No,Yes,12,AmpFazFotPodTazAxoCepGenStrSulTetSxt,0,1,0,1,0,1,0,1,1,1,1,0,0,1,0,0,0,0,1,1,1,1,1,1
Res13-Lact-LEA2-09,AF3,AF3-2,sow,manure,Escherichia coli,No,Yes,9,AmpFazFotPodTazAxoCepSulSxt,0,1,0,1,0,1,0,1,1,1,1,0,0,0,0,0,0,0,0,1,1,1,0,1
Res13-Lact-PEA08-37,AF3,AF3-2,suckler,feces,Escherichia coli,No,Yes,9,AmpFazFotPodTazAxoCepSulSxt,0,1,0,1,0,1,0,1,1,1,1,0,0,0,0,0,0,0,0,1,1,1,0,1
Res13-Lact-PEA10-41,AF3,AF3-2,suckler,feces,Escherichia coli,No,Yes,9,AmpFazFotPodTazAxoCepSulSxt,0,1,0,1,0,1,0,1,1,1,1,0,0,0,0,0,0,0,0,1,1,1,0,1
Res13-Lact-PEA12-26,AF3,AF3-2,suckler,feces,Escherichia coli,No,Yes,9,AmpFazFotPodTazAxoCepSulSxt,0,1,0,1,0,1,0,1,1,1,1,0,0,0,0,0,0,0,0,1,1,1,0,1
Res13-Lact-PEA13-09,AF3,AF3-2,suckler,feces,Escherichia coli,No,Yes,10,AmpFazFotPodTazAxoCepSulTetSxt,0,1,0,1,0,1,0,1,1,1,1,0,0,0,0,0,0,0,0,1,1,1,1,1
Res13-Lact-PEA13-17,AF3,AF3-2,suckler,feces,Escherichia coli,No,Yes,10,AmpFazFotPodTazAxoCepSulTetSxt,0,1,0,1,0,1,0,1,1,1,1,0,0,0,0,0,0,0,0,1,1,1,1,1
Res13-Lact-PEA13-25,AF3,AF3-2,suckler,feces,Escherichia coli,No,Yes,10,AmpFazFotPodTazAxoCepSulTetSxt,0,1,0,1,0,1,0,1,1,1,1,0,0,0,0,0,0,0,0,1,1,1,1,1
Res13-Lact-PEA13-10,AF3,AF3-2,suckler,feces,Escherichia coli,No,Yes,10,AmpFazFotPodTazAxoCepSulTetSxt,0,1,0,1,0,1,0,1,1,1,1,0,0,0,0,0,0,0,0,1,1,1,1,1
Res13-Lact-PEA13-26,AF3,AF3-2,suckler,feces,Escherichia coli,No,Yes,9,AmpFotPodTazAxoCepSulTetSxt,0,1,0,0,0,1,0,1,1,1,1,0,0,0,0,0,0,0,0,1,1,1,1,1
Res13-Lact-PEA13-11,AF3,AF3-2,suckler,feces,Escherichia coli,No,Yes,10,AmpFazFotPodTazAxoCepSulTetSxt,0,1,0,1,0,1,0,1,1,1,1,0,0,0,0,0,0,0,0,1,1,1,1,1
Res13-Lact-PEA14-20,AF3,AF3-2,suckler,feces,Escherichia coli,No,Yes,9,AmpFazFotPodTazAxoCepSulSxt,0,1,0,1,0,1,0,1,1,1,1,0,0,0,0,0,0,0,0,1,1,1,0,1
Res13-Lact-EA15-10,AF3,AF3-3,sow,feces,Escherichia coli,No,Yes,9,AmpFazFotPodTazAxoCepTetSxt,1,1,0,1,0,1,0,1,1,1,1,0,0,0,0,0,0,0,0,1,1,1,1,1
Res13-Lact-EA15-25,AF3,AF3-3,sow,feces,Escherichia coli,No,Yes,8,AmpFazFotPodTazAxoCepSxt,0,1,0,1,0,1,0,1,1,1,1,0,0,0,0,0,0,0,0,1,1,1,0,1
Res13-Lact-EA16-12,AF3,AF3-3,sow,feces,Escherichia coli,No,Yes,8,AmpFazFotPodTazAxoCepSxt,0,1,0,1,0,1,0,1,1,1,1,0,0,0,0,0,0,0,0,1,1,1,0,1
Res13-Lact-EA17-20,AF3,AF3-3,sow,feces,Escherichia coli,No,No,10,AugAmpFazFotFoxPodTazAxoCepTet,1,1,0,1,0,1,1,1,1,1,1,0,0,0,0,0,0,0,1,0,0,0,1,0
Res13-Lact-EA17-04,AF3,AF3-3,sow,feces,Escherichia coli,No,No,12,AugAmpFazFotFoxPodTazAxoCepChlTetSxt,1,1,0,1,0,1,1,1,1,1,1,1,0,0,0,0,0,0,1,1,0,0,1,1
Res13-Lact-EA18-13,AF3,AF3-3,sow,feces,Escherichia coli,No,No,8,AmpFazFotPodTazAxoCepSxt,0,1,0,1,0,1,0,1,1,1,1,0,0,0,0,0,0,0,0,1,0,0,0,1
Res13-Lact-EA18-31,AF3,AF3-3,sow,feces,Escherichia coli,No,Yes,9,AugAmpFazFotPodTazAxoCepSxt,1,1,0,1,0,1,0,1,1,1,1,0,0,0,0,0,0,0,0,1,1,1,0,1
Res13-Lact-EA19-13,AF3,AF3-3,sow,feces,Escherichia coli,No,Yes,8,AmpFazFotPodTazAxoCepSxt,0,1,0,1,0,1,0,1,1,1,1,0,0,0,0,0,0,0,0,1,1,1,0,1
Res13-Lact-EA19-06,AF3,AF3-3,sow,feces,Escherichia coli,No,Yes,8,AmpFazFotPodTazAxoCepSxt,0,1,0,1,0,1,0,1,1,1,1,0,0,0,0,0,0,0,0,1,1,1,0,1
Res13-Lact-EA20-14,AF3,AF3-3,sow,feces,Escherichia coli,No,Yes,8,AmpFazFotPodTazAxoCepSxt,0,1,0,1,0,1,0,1,1,1,1,0,0,0,0,0,0,0,0,1,1,1,0,1
Res13-Lact-EA20-30,AF3,AF3-3,sow,feces,Escherichia coli,No,Yes,8,AmpFazFotPodTazAxoCepSxt,0,1,0,1,0,1,0,1,1,1,1,0,0,0,0,0,0,0,0,1,1,1,0,1
Res13-Lact-EA21-10,AF3,AF3-3,sow,feces,Escherichia coli,No,Yes,8,AmpFazFotPodTazAxoCepSxt,0,1,0,1,0,1,0,1,1,1,1,0,0,0,0,0,0,0,0,1,1,1,0,1
Res13-Lact-EA21-03,AF3,AF3-3,sow,feces,Escherichia coli,No,Yes,8,AmpFazFotPodTazAxoCepSxt,0,1,0,1,0,1,0,1,1,1,1,0,0,0,0,0,0,0,0,1,1,1,0,1
Res13-Lact-PEA15-01,AF3,AF3-3,suckler,feces,Escherichia coli,No,Yes,9,AmpFazFotPodTazAxoCepSulSxt,0,1,0,1,0,1,0,1,1,1,1,0,0,0,0,0,0,0,0,1,1,1,0,1
Res13-Lact-PEA16-33,AF3,AF3-3,suckler,feces,Escherichia coli,No,Yes,10,AmpFazFotPodTazAxoCepSulTetSxt,0,1,0,1,0,1,0,1,1,1,1,0,0,0,0,0,0,0,0,1,1,1,1,1
Res13-Lact-PEA16-13,AF3,AF3-3,suckler,feces,Escherichia coli,No,Yes,10,AmpFazFotPodTazAxoCepSulTetSxt,0,1,0,1,0,1,0,1,1,1,1,0,0,0,0,0,0,0,0,1,1,1,1,1
Res13-Lact-PEA17-21,AF3,AF3-3,suckler,feces,Escherichia coli,No,No,12,AugAmpFazFotFoxPodAxoCepStrSulTetSxt,1,1,0,1,0,1,1,1,1,1,1,0,0,0,0,0,0,0,1,1,0,0,1,1
Res13-Lact-PEA18-23,AF3,AF3-3,suckler,feces,Escherichia coli,No,Yes,10,AmpFazFepFotPodTazAxoCepSulSxt,0,1,0,1,1,1,0,1,1,1,1,0,0,0,0,0,0,0,0,1,1,1,0,1
Res13-Lact-PEA19-11,AF3,AF3-3,suckler,feces,Escherichia hermannii,No,Yes,8,AmpFazFotPodAxoCepSulSxt,0,1,0,1,0,1,0,1,0,1,1,0,0,0,0,0,0,0,0,1,1,1,0,1
Res13-Lact-PEA20-36,AF3,AF3-3,suckler,feces,Escherichia coli,No,Yes,9,AmpFazFotPodTazAxoCepSulSxt,0,1,0,1,0,1,0,1,1,1,1,0,0,0,0,0,0,0,0,1,1,1,0,1
Res13-Lact-PEA20-02,AF3,AF3-3,suckler,feces,Escherichia coli,No,Yes,9,AmpFazFotPodTazAxoCepSulSxt,0,1,0,1,0,1,0,1,1,1,1,0,0,0,0,0,0,0,0,1,1,1,0,1
Res13-Lact-PEA21-01,AF3,AF3-3,suckler,feces,Escherichia coli,No,Yes,9,AmpFazFotPodTazAxoCepSulSxt,0,1,0,1,0,1,0,1,1,1,1,0,0,0,0,0,0,0,0,1,1,1,0,1
Res13-Sevr-PEA15-38,AF3,AF3-3,weaner,feces,Escherichia coli,No,Yes,9,AmpFazFotPodTazAxoCepSulSxt,0,1,0,1,0,1,0,1,1,1,1,0,0,0,0,0,0,0,0,1,1,1,0,1
Res13-Sevr-PEA15-37,AF3,AF3-3,weaner,feces,Escherichia coli,No,Yes,9,AmpFazFotPodTazAxoCepSulSxt,0,1,0,1,0,1,0,1,1,1,1,0,0,0,0,0,0,0,0,1,1,1,0,1
Res13-Sevr-PEA16-24,AF3,AF3-3,weaner,feces,Escherichia coli,No,Yes,9,AmpFazFotPodTazAxoCepSulSxt,1,1,0,1,0,1,0,1,1,1,1,0,0,0,0,0,0,0,0,1,1,1,0,1
Res13-Sevr-PEA16-16,AF3,AF3-3,weaner,feces,Escherichia coli,No,Yes,9,AmpFazFotPodTazAxoCepSulSxt,0,1,0,1,0,1,0,1,1,1,1,0,0,0,0,0,0,0,0,1,1,1,0,1
Res13-Sevr-PEA17-13,AF3,AF3-3,weaner,feces,Escherichia coli,No,Yes,9,AmpFazFotPodTazAxoCepSulSxt,0,1,0,1,0,1,0,1,1,1,1,0,0,0,0,0,0,0,0,1,1,1,0,1
Res13-Sevr-PEA18-33,AF3,AF3-3,weaner,feces,Escherichia coli,No,Yes,10,AmpFazFotPodTazAxoCepStrSulSxt,0,1,0,1,0,1,1,1,1,1,1,0,0,0,0,0,0,0,1,1,1,1,0,1
Res13-Sevr-PEA19-33,AF3,AF3-3,weaner,feces,Escherichia coli,No,Yes,9,AmpFazFotPodTazAxoCepSulSxt,0,1,0,1,0,1,0,1,1,1,1,0,0,0,0,0,0,0,0,1,1,1,0,1
Res13-Sevr-PEA19-18,AF3,AF3-3,weaner,feces,Escherichia coli,No,Yes,9,AmpFazFotPodTazAxoCepSulSxt,1,1,0,1,0,1,1,1,1,1,1,0,0,0,0,0,0,0,0,1,1,1,0,1
Res13-Sevr-PEA20-33,AF3,AF3-3,weaner,feces,Escherichia coli,No,Yes,11,AmpFazFepFotPodTazAxoCepStrSulSxt,1,1,0,1,1,1,0,1,1,1,1,0,0,0,0,0,0,0,1,1,1,1,0,1
Res13-Sevr-PEA20-01,AF3,AF3-3,weaner,feces,Escherichia coli,No,Yes,9,AmpFazFotPodTazAxoCepSulSxt,0,1,0,1,0,1,0,1,1,1,1,0,0,0,0,0,0,0,0,1,1,1,0,1
Res13-Sevr-PEA21-35,AF3,AF3-3,weaner,feces,Escherichia coli,No,Yes,9,AmpFazFotPodTazAxoCepSulSxt,0,1,0,1,0,1,0,1,1,1,1,0,0,0,0,0,0,0,0,1,1,1,0,1
Res13-Sevr-PEA21-06,AF3,AF3-3,weaner,feces,Escherichia coli,No,Yes,9,AmpFazFotPodTazAxoCepSulSxt,0,1,0,1,0,1,0,1,1,1,1,0,0,0,0,0,0,0,0,1,1,1,0,1
Res13-Lact-PEA15-42,AF3,AF3-3,suckler,feces,Escherichia coli,No,Yes,10,AmpFazFotPodTazAxoCepSulTetSxt,0,1,0,1,0,1,0,1,1,1,1,0,0,0,0,0,0,0,0,1,1,1,1,1
Res13-Croi-PEA15-12,AF3,AF3-3,grower,feces,Escherichia coli,No,Yes,10,AmpFazFepFotPodTazAxoCepSulSxt,0,1,0,1,1,1,0,1,1,1,1,0,0,0,0,0,0,0,0,1,1,1,0,1
Res13-Croi-PEA15-34,AF3,AF3-3,grower,feces,Escherichia coli,No,Yes,9,AmpFazFotPodTazAxoCepSulSxt,0,1,0,1,0,1,0,1,1,1,1,0,0,0,0,0,0,0,0,1,1,1,0,1
Res13-Croi-PEA16-11,AF3,AF3-3,grower,feces,Escherichia coli,No,Yes,9,AmpFazFotPodTazAxoCepSulSxt,1,1,0,1,0,1,0,1,1,1,1,0,0,0,0,0,0,0,0,1,1,1,0,1
Res13-Croi-PEA16-26,AF3,AF3-3,grower,feces,Escherichia coli,No,Yes,9,AmpFazFotPodTazAxoCepSulSxt,0,1,0,1,0,1,0,1,1,1,1,0,0,0,0,0,0,0,0,1,1,1,0,1
Res13-Croi-PEA17-03,AF3,AF3-3,grower,feces,Escherichia coli,No,Yes,9,AmpFazFotPodTazAxoCepSulSxt,0,1,0,1,0,1,0,1,1,1,1,0,0,0,0,0,0,0,0,1,1,1,0,1
Res13-Croi-PEA17-28,AF3,AF3-3,grower,feces,Escherichia coli,No,No,10,AugAmpFazFotFoxPodTazAxoCepTet,1,1,0,1,0,1,1,1,1,1,1,0,0,0,0,0,0,0,0,0,0,0,1,0
Res13-Croi-PEA18-13,AF3,AF3-3,grower,feces,Escherichia coli,No,Yes,9,AmpFazFotPodTazAxoCepSulSxt,0,1,0,1,0,1,0,1,1,1,1,0,0,0,0,0,0,0,0,1,1,1,0,1
Res13-Croi-PEA18-38,AF3,AF3-3,grower,feces,Escherichia coli,No,Yes,9,AmpFazFotPodTazAxoCepSulSxt,0,1,0,1,0,1,0,1,1,1,1,0,0,0,0,0,0,0,0,1,1,1,0,1
Res13-Croi-PEA19-13,AF3,AF3-3,grower,feces,Escherichia coli,No,Yes,9,AmpFazFotPodTazAxoCepSulSxt,0,1,0,1,0,1,0,1,1,1,1,0,0,0,0,0,0,0,0,1,1,1,0,1
Res13-Croi-PEA19-24,AF3,AF3-3,grower,feces,Escherichia coli,No,Yes,9,AmpFazFotPodTazAxoCepSulSxt,0,1,0,1,0,1,0,1,1,1,1,0,0,0,0,0,0,0,0,1,1,1,0,1
Res13-Croi-PEA20-14,AF3,AF3-3,grower,feces,Escherichia coli,No,Yes,9,AmpFazFotPodTazAxoCepSulSxt,0,1,0,1,0,1,0,1,1,1,1,0,0,0,0,0,0,0,0,1,1,1,0,1
Res13-Croi-PEA20-23,AF3,AF3-3,grower,feces,Escherichia coli,No,Yes,9,AmpFazFotPodTazAxoCepSulSxt,0,1,0,1,0,1,0,1,1,1,1,0,0,0,0,0,0,0,0,1,1,1,0,1
Res13-Croi-PEA21-12,AF3,AF3-3,grower,feces,Escherichia coli,No,Yes,9,AmpFazFotPodTazAxoCepSulSxt,0,1,0,1,0,1,0,1,1,1,1,0,0,0,0,0,0,0,0,1,1,1,0,1
Res13-Croi-PEA21-28,AF3,AF3-3,grower,feces,Escherichia coli,No,Yes,9,AmpFazFotPodTazAxoCepSulSxt,0,1,0,1,0,1,0,1,1,1,1,0,0,0,0,0,0,0,0,1,1,1,0,1
Res13-Croi-PEA21-36,AF3,AF3-3,grower,feces,Escherichia coli,No,Yes,9,AmpFazFotPodTazAxoCepSulSxt,0,1,0,1,0,1,0,1,1,1,1,0,0,0,0,0,0,0,0,1,1,1,0,1
Res13-Fini-PEA15-14,AF3,AF3-3,finisher,feces,Escherichia coli,No,Yes,10,AmpFazFotPodTazAxoCepStrSulSxt,0,1,0,1,0,1,0,1,1,1,1,0,0,0,0,0,0,0,1,1,1,1,0,1
Res13-Fini-PEA16-14,AF3,AF3-3,finisher,feces,Escherichia coli,No,Yes,9,AmpFazFotPodTazAxoCepSulSxt,0,1,0,1,0,1,0,1,1,1,1,0,0,0,0,0,0,0,0,1,1,1,0,1
Res13-Fini-PEA17-13,AF3,AF3-3,finisher,feces,Escherichia coli,No,Yes,9,AmpFazFotPodTazAxoCepSulSxt,0,1,0,1,0,1,0,1,1,1,1,0,0,0,0,0,0,0,0,1,1,1,0,1
Res13-Fini-PEA18-12,AF3,AF3-3,finisher,feces,Escherichia coli,No,Yes,9,AmpFazFotPodTazAxoCepSulSxt,0,1,0,1,0,1,0,1,1,1,1,0,0,0,0,0,0,0,0,1,1,1,0,1
Res13-Fini-PEA18-10,AF3,AF3-3,finisher,feces,Escherichia coli,No,Yes,9,AmpFazFotPodTazAxoCepSulSxt,0,1,0,1,0,1,0,1,1,1,1,0,0,0,0,0,0,0,0,1,1,1,0,1
Res13-Fini-PEA19-10,AF3,AF3-3,finisher,feces,Escherichia coli,No,Yes,10,AmpFazFotPodTazAxoCepStrSulSxt,0,1,0,1,0,1,0,1,1,1,1,0,0,0,0,0,0,0,1,1,1,1,0,1
Res13-Fini-PEA19-34,AF3,AF3-3,finisher,feces,Escherichia coli,No,Yes,10,AmpFazFotPodTazAxoCepStrSulSxt,1,1,0,1,0,1,0,1,1,1,1,0,0,0,0,0,0,0,1,1,1,1,0,1
Res13-Fini-PEA20-02,AF3,AF3-3,finisher,feces,Escherichia coli,No,Yes,10,AmpFazFotPodTazAxoCepStrSulSxt,1,1,0,1,0,1,0,1,1,1,1,0,0,0,0,0,0,0,1,1,1,1,0,1
Res13-Fini-PEA20-25,AF3,AF3-3,finisher,feces,Escherichia coli,No,Yes,10,AmpFazFotPodTazAxoCepStrSulSxt,1,1,0,1,0,1,0,1,1,1,1,0,0,0,0,0,0,0,1,1,1,1,0,1
Res13-Fini-PEA21-29,AF3,AF3-3,finisher,feces,Escherichia coli,No,Yes,9,AmpFazFotPodTazAxoCepSulSxt,0,1,0,1,0,1,0,1,1,1,1,0,0,0,0,0,0,0,0,1,1,1,0,1
Res13-Fini-PEA21-33,AF3,AF3-3,finisher,feces,Escherichia coli,No,Yes,7,AmpFazFotPodTazAxoSxt,0,1,0,1,0,1,0,1,1,1,1,0,0,0,0,0,0,0,0,0,1,1,0,1
Res13-Lact-EA22-14,AF3,AF3-4,sow,feces,Escherichia coli,No,Yes,8,AmpFazFotPodTazAxoCepSxt,0,1,0,1,0,1,0,1,1,1,1,0,0,0,0,0,0,0,0,1,1,1,0,1
Res13-Lact-EA22-23,AF3,AF3-4,sow,feces,Escherichia coli,No,Yes,8,AmpFazFotPodTazAxoCepSxt,0,1,0,1,0,1,0,1,1,1,1,0,0,0,0,0,0,0,0,1,1,1,0,1
Res13-Lact-EA23-13,AF3,AF3-4,sow,feces,Escherichia coli,No,No,11,AugAmpFazFotFoxPodTazAxoCepTetSxt,1,1,0,1,0,1,1,1,1,1,1,0,0,0,0,0,0,0,1,1,0,0,1,1
Res13-Lact-EA23-24,AF3,AF3-4,sow,feces,Escherichia coli,No,No,11,AugAmpFazFotFoxPodTazAxoCepTetSxt,1,1,0,1,0,1,1,1,1,1,1,0,0,0,0,0,0,1,1,1,0,0,1,1
Res13-Lact-EA24-15,AF3,AF3-4,sow,feces,Escherichia coli,No,Yes,9,AmpFazFotPodTazAxoCepSulSxt,0,1,0,1,0,1,0,1,1,1,1,0,0,0,0,0,0,0,0,1,1,1,0,1
Res13-Lact-EA25-38,AF3,AF3-4,sow,feces,Escherichia coli,No,Yes,9,AmpFazFotPodTazAxoCepSulSxt,0,1,0,1,0,1,0,1,1,1,1,0,0,0,0,0,0,0,0,1,1,1,0,1
Res13-Lact-EA25-33,AF3,AF3-4,sow,feces,Escherichia coli,No,Yes,9,AmpFazFotPodTazAxoCepSulSxt,0,1,0,1,0,1,0,1,1,1,1,0,0,0,0,0,0,0,0,1,1,1,0,1
Res13-Lact-EA26-10,AF3,AF3-4,sow,feces,Escherichia coli,No,Yes,10,AmpFazFepFotPodTazAxoCepSulSxt,0,1,0,1,1,1,0,1,1,1,1,0,0,0,0,0,0,0,0,1,1,1,0,1
Res13-Lact-EA27-10,AF3,AF3-4,sow,feces,Escherichia coli,No,Yes,9,AmpFazFotPodTazAxoCepSulSxt,0,1,0,1,0,1,0,1,1,1,1,0,0,0,0,0,0,0,0,1,1,1,0,1
Res13-Lact-EA28-13,AF3,AF3-4,sow,feces,Escherichia coli,No,No,13,AugAmpFazFotFoxPodTazAxoCepStrSulTetSxt,1,1,0,1,0,1,1,1,1,1,1,0,0,0,0,0,0,0,1,1,0,0,1,1
Res13-Lact-PEA22-13,AF3,AF3-4,suckler,feces,Escherichia coli,No,Yes,9,AmpFazFotPodTazAxoCepSulSxt,0,1,0,1,0,1,0,1,1,1,1,0,0,0,0,0,0,0,0,1,1,1,0,1
Res13-Lact-PEA23-13,AF3,AF3-4,suckler,feces,Escherichia coli,No,No,13,AugAmpFazFotFoxPodTazAxoCepStrSulTetSxt,1,1,0,1,0,1,1,1,1,1,1,0,0,0,0,0,0,0,1,1,0,0,1,1
Res13-Lact-PEA24-01,AF3,AF3-4,suckler,feces,Escherichia coli,No,Yes,9,AmpFazFotPodTazAxoCepSulSxt,0,1,0,1,0,1,0,1,1,1,1,0,0,0,0,0,0,0,0,1,1,1,0,1
Res13-Lact-PEA25-11,AF3,AF3-4,suckler,feces,Escherichia coli,No,Yes,9,AmpFazFotPodTazAxoCepSulSxt,0,1,0,1,0,1,0,1,1,1,1,0,0,0,0,0,0,0,0,1,1,1,0,1
Res13-Lact-PEA25-39,AF3,AF3-4,suckler,feces,Escherichia coli,No,Yes,9,AmpFazFotPodTazAxoCepSulSxt,0,1,0,1,0,1,0,1,1,1,1,0,0,0,0,0,0,0,0,1,1,1,0,1
Res13-Lact-PEA26-33,AF3,AF3-4,suckler,feces,Escherichia coli,No,Yes,9,AmpFazFotPodTazAxoCepSulSxt,0,1,0,1,0,1,0,1,1,1,1,0,0,0,0,0,0,0,0,1,1,1,0,1
Res13-Lact-PEA26-25,AF3,AF3-4,suckler,feces,Escherichia coli,No,Yes,9,AmpFazFotPodTazAxoCepSulSxt,0,1,0,1,0,1,0,1,1,1,1,0,0,0,0,0,0,0,0,1,1,1,0,1
Res13-Lact-PEA27-01,AF3,AF3-4,suckler,feces,Escherichia coli,No,Yes,9,AmpFazFotPodTazAxoCepSulSxt,0,1,0,1,0,1,0,1,1,1,1,0,0,0,0,0,0,0,0,1,1,1,0,1
Res13-Lact-PEA27-11,AF3,AF3-4,suckler,feces,Escherichia coli,No,Yes,10,AmpFazFotPodTazAxoCepSulTetSxt,0,1,0,1,0,1,0,1,1,1,1,0,0,0,0,0,0,0,0,1,1,1,1,1
Res13-Lact-PEA28-33,AF3,AF3-4,suckler,feces,Escherichia coli,No,Yes,9,AmpFazFotPodTazAxoCepSulSxt,0,1,0,1,0,1,0,1,1,1,1,0,0,0,0,0,0,0,0,1,1,1,0,1
Res13-Lact-PEA28-10,AF3,AF3-4,suckler,feces,Escherichia coli,No,Yes,10,AmpFazFepFotPodTazAxoCepSulSxt,0,1,0,1,1,1,0,1,1,1,1,0,0,0,0,0,0,0,0,1,1,1,0,1
Res13-Sevr-PEA22-33,AF3,AF3-4,weaner,feces,Escherichia coli,No,Yes,9,AmpFazFotPodTazAxoCepSulSxt,0,1,0,1,0,1,0,1,1,1,1,0,0,0,0,0,0,0,0,1,1,1,0,1
Res13-Sevr-PEA22-05,AF3,AF3-4,weaner,feces,Escherichia coli,No,Yes,9,AmpFazFotPodTazAxoCepSulSxt,0,1,0,1,0,1,0,1,1,1,1,0,0,0,0,0,0,0,0,1,1,1,0,1
Res13-Sevr-PEA23-32,AF3,AF3-4,weaner,feces,Escherichia coli,No,Yes,9,AmpFazFotPodTazAxoCepSulSxt,0,1,0,1,0,1,0,1,1,1,1,0,0,0,0,0,0,0,0,1,1,1,0,1
Res13-Sevr-PEA24-10,AF3,AF3-4,weaner,feces,Escherichia coli,No,Yes,9,AmpFazFotPodTazAxoCepSulSxt,0,1,0,1,0,1,0,1,1,1,1,0,0,0,0,0,0,0,0,1,1,1,0,1
Res13-Sevr-PEA24-03,AF3,AF3-4,weaner,feces,Escherichia coli,No,Yes,10,AmpFazFepFotPodTazAxoCepSulSxt,0,1,0,1,1,1,0,1,1,1,1,0,0,0,0,0,0,0,0,1,1,1,0,1
Res13-Sevr-PEA25-25,AF3,AF3-4,weaner,feces,Escherichia coli,No,Yes,10,AmpFazFepFotPodTazAxoCepSulSxt,0,1,0,1,1,1,0,1,1,1,1,0,0,0,0,0,0,0,0,1,1,1,0,1
Res13-Sevr-PEA26-32,AF3,AF3-4,weaner,feces,Escherichia coli,No,Yes,9,AmpFazFotPodTazAxoCepSulSxt,0,1,0,1,0,1,0,1,1,1,1,0,0,0,0,0,0,0,0,1,1,1,0,1
Res13-Sevr-PEA26-01,AF3,AF3-4,weaner,feces,Escherichia coli,No,Yes,9,AmpFazFotPodTazAxoCepSulSxt,0,1,0,1,0,1,0,1,1,1,1,0,0,0,0,0,0,0,0,1,1,1,0,1
Res13-Sevr-PEA27-14,AF3,AF3-4,weaner,feces,Escherichia coli,No,Yes,9,AmpFazFotPodTazAxoCepSulSxt,0,1,0,1,0,1,0,1,1,1,1,0,0,0,0,0,0,0,0,1,1,1,0,1
Res13-Sevr-PEA27-21,AF3,AF3-4,weaner,feces,Escherichia coli,No,Yes,9,AmpFazFotPodTazAxoCepSulSxt,0,1,0,1,0,1,0,1,1,1,1,0,0,0,0,0,0,0,0,1,1,1,0,1
Res13-Sevr-PEA28-06,AF3,AF3-4,weaner,feces,Escherichia coli,No,Yes,10,AmpFazFepFotPodTazAxoCepSulSxt,0,1,0,1,1,1,0,1,1,1,1,0,0,0,0,0,0,0,0,1,1,1,0,1
Res13-Sevr-PEA28-36,AF3,AF3-4,weaner,feces,Escherichia coli,No,Yes,11,AmpFazFepFotPodTazAxoCepSulTetSxt,1,1,0,1,1,1,0,1,1,1,1,0,0,0,0,0,0,0,0,1,1,1,1,1
Res13-Lact-PEA24-33,AF3,AF3-4,suckler,feces,Escherichia coli,No,Yes,10,AmpFazFotPodTazAxoCepSulTetSxt,0,1,0,1,0,1,0,1,1,1,1,0,0,0,0,0,0,0,0,1,1,1,1,1
Res13-Croi-PEA22-10,AF3,AF3-4,grower,feces,Escherichia coli,No,Yes,9,AmpFazFotPodTazAxoCepSulSxt,0,1,0,1,0,1,0,1,1,1,1,0,0,0,0,0,0,0,0,1,1,1,0,1
Res13-Croi-PEA22-35,AF3,AF3-4,grower,feces,Escherichia coli,No,Yes,9,AmpFazFotPodTazAxoCepSulSxt,0,1,0,1,0,1,0,1,1,1,1,0,0,0,0,0,0,0,0,1,1,1,0,1
Res13-Croi-PEA23-01,AF3,AF3-4,grower,feces,Escherichia coli,No,Yes,9,AmpFazFotPodTazAxoCepSulSxt,0,1,0,1,0,1,0,1,1,1,1,0,0,0,0,0,0,0,0,1,1,1,0,1
Res13-Croi-PEA23-26,AF3,AF3-4,grower,feces,Escherichia coli,No,Yes,9,AmpFazFotPodTazAxoCepSulSxt,0,1,0,1,0,1,0,1,1,1,1,0,0,0,0,0,0,0,0,1,1,1,0,1
Res13-Croi-PEA24-47,AF3,AF3-4,grower,feces,Escherichia coli,No,Yes,9,AmpFazFotPodTazAxoCepSulSxt,0,1,0,1,0,1,0,1,1,1,1,0,0,0,0,0,0,0,0,1,1,1,0,1
Res13-Croi-PEA24-40,AF3,AF3-4,grower,feces,Escherichia coli,No,Yes,9,AmpFazFotPodTazAxoCepSulSxt,0,1,0,1,0,1,0,1,1,1,1,0,0,0,0,0,0,0,0,1,1,1,0,1
Res13-Croi-PEA25-33,AF3,AF3-4,grower,feces,Escherichia coli,No,Yes,9,AmpFazFotPodTazAxoCepSulSxt,0,1,0,1,0,1,0,1,1,1,1,0,0,0,0,0,0,0,0,1,1,1,0,1
Res13-Croi-PEA26-32,AF3,AF3-4,grower,feces,Escherichia coli,No,Yes,9,AmpFazFotPodTazAxoCepSulSxt,0,1,0,1,0,1,0,1,1,1,1,0,0,0,0,0,0,0,0,1,1,1,0,1
Res13-Croi-PEA27-33,AF3,AF3-4,grower,feces,Escherichia coli,No,Yes,9,AmpFazFotPodTazAxoCepSulSxt,0,1,0,1,0,1,0,1,1,1,1,0,0,0,0,0,0,0,0,1,1,1,0,1
Res13-Croi-PEA28-12,AF3,AF3-4,grower,feces,Escherichia coli,No,Yes,9,AmpFazFotPodTazAxoCepSulSxt,0,1,0,1,0,1,0,1,1,1,1,0,0,0,0,0,0,0,0,1,1,1,0,1
Res13-Fini-PEA22-05,AF3,AF3-4,finisher,feces,Escherichia coli,No,Yes,9,AugAmpFazFotFoxPodTazAxoSxt,1,1,0,1,0,1,1,1,1,1,1,0,0,0,0,0,0,0,0,0,1,1,0,1
Res13-Fini-PEA22-32,AF3,AF3-4,finisher,feces,Escherichia coli,No,Yes,7,AmpFazFotPodTazAxoSxt,1,1,0,1,0,1,0,1,1,1,1,0,0,0,0,0,0,0,0,0,1,1,0,1
Res13-Fini-PEA23-13,AF3,AF3-4,finisher,feces,Escherichia coli,No,Yes,8,AmpFazFotPodTazAxoCepSxt,0,1,0,1,0,1,1,1,1,1,1,0,0,0,0,0,0,0,0,0,1,1,0,1
Res13-Fini-PEA24-10,AF3,AF3-4,finisher,feces,Escherichia coli,No,Yes,9,AmpFazFotPodTazAxoCepSulSxt,0,1,0,1,0,1,0,1,1,1,1,0,0,0,0,0,0,0,0,1,1,1,0,1
Res13-Fini-PEA25-34,AF3,AF3-4,finisher,feces,Escherichia coli,No,Yes,11,AmpFazFotPodTazAxoCepStrSulTetSxt,0,1,0,1,0,1,0,1,1,1,1,0,0,0,0,0,0,0,1,1,1,1,1,1
Res13-Fini-PEA26-10,AF3,AF3-4,finisher,feces,Escherichia coli,No,Yes,9,AmpFazFotPodTazAxoCepSulSxt,0,1,0,1,0,1,0,1,1,1,1,0,0,0,0,0,0,0,0,1,1,1,0,1
Res13-Fini-PEA27-13,AF3,AF3-4,finisher,feces,Escherichia coli,No,Yes,9,AmpFazFotPodTazAxoCepSulSxt,0,1,0,1,0,1,0,1,1,1,1,0,0,0,0,0,0,0,0,1,1,1,0,1
Res13-Fini-PEA28-13,AF3,AF3-4,finisher,feces,Escherichia coli,No,Yes,9,AmpFazFotPodTazAxoCepSulSxt,0,1,0,1,0,1,0,1,1,1,1,0,0,0,0,0,0,0,0,1,1,1,0,1
Res13-Lact-PEC05-17,CV,CV-1,suckler,feces,Enterobacter cloacae,No,No,10,AugAmpFazFotFoxPodTazAxoCepTet,1,1,0,1,0,1,1,1,1,1,1,0,0,0,0,0,0,0,0,0,0,0,1,0
Res13-Fini-PEC01-29,CV,CV-1,finisher,feces,Escherichia coli,No,No,12,AugAmpFazFotFoxPodTazAxoCepChlTetSxt,1,1,0,1,0,1,1,1,1,1,1,1,0,0,0,0,0,1,1,1,0,0,1,1
Res13-Fini-PEC02-13,CV,CV-1,finisher,feces,Escherichia coli,No,No,12,AugAmpFazFotFoxPodTazAxoCepChlTetSxt,1,1,0,1,0,1,1,1,1,1,1,1,0,0,0,0,0,1,1,1,0,0,1,1
Res13-Fini-PEC03-13,CV,CV-1,finisher,feces,Escherichia coli,No,No,12,AugAmpFazFotFoxPodTazAxoCepChlTetSxt,1,1,0,1,0,1,1,1,1,1,1,1,0,0,0,0,0,1,1,1,0,0,1,1
Res13-Fini-PEC05-10,CV,CV-1,finisher,feces,Escherichia coli,No,No,12,AugAmpFazFotFoxPodTazAxoCepChlTetSxt,1,1,0,1,0,1,1,1,1,1,1,1,0,0,0,0,0,0,1,1,0,0,1,1
Res13-Fini-PEC06-02,CV,CV-1,finisher,feces,Escherichia coli,No,No,12,AugAmpFazFotFoxPodTazAxoCepChlTetSxt,1,1,0,1,0,1,1,1,1,1,1,1,0,0,0,0,0,0,1,1,0,0,1,1
Res13-Fini-PEC04-11,CV,CV-1,finisher,feces,Escherichia coli,No,No,12,AugAmpFazFotFoxPodTazAxoCepChlTetSxt,1,1,0,1,0,1,1,1,1,1,1,1,0,0,0,0,0,1,1,1,0,0,1,1
Res13-Fini-PEC07-13,CV,CV-1,finisher,feces,Escherichia coli,No,No,12,AugAmpFazFotFoxPodTazAxoCepChlTetSxt,1,1,0,1,0,1,1,1,1,1,1,1,0,0,0,0,0,0,1,1,0,0,1,1
Res13-Fini-PEC01-30,CV,CV-1,finisher,feces,Escherichia coli,No,No,15,AugAmpFazFotFoxPodTazAxoCepChlTzpStrSulTetSxt,1,1,0,1,0,1,1,1,1,1,1,1,0,0,0,0,0,1,1,1,0,0,1,1
Res13-Fini-PEC01-21,CV,CV-1,finisher,feces,Escherichia coli,No,No,14,AugAmpFazFotFoxPodTazAxoCepChlStrSulTetSxt,1,1,0,1,0,1,1,1,1,1,1,1,0,0,0,0,0,1,1,1,0,0,1,1
Res13-Fini-PEC02-21,CV,CV-1,finisher,feces,Escherichia coli,No,No,14,AugAmpFazFotFoxPodTazAxoCepChlStrSulTetSxt,1,1,0,1,0,1,1,1,1,1,1,1,0,0,0,0,0,1,1,1,0,0,1,1
Res13-Fini-PEC02-39,CV,CV-1,finisher,feces,Escherichia coli,No,No,14,AugAmpFazFotFoxPodTazAxoCepChlStrSulTetSxt,1,1,0,1,0,1,1,1,1,1,1,1,0,0,0,0,0,0,1,1,0,0,1,1
Res13-Fini-PEC03-21,CV,CV-1,finisher,feces,Escherichia coli,No,No,14,AugAmpFazFotFoxPodTazAxoCepChlStrSulTetSxt,1,1,0,1,0,1,1,1,1,1,1,1,0,0,0,0,0,0,1,1,0,0,1,1
Res13-Fini-PEC04-25,CV,CV-1,finisher,feces,Escherichia coli,No,No,14,AugAmpFazFotFoxPodTazAxoCepChlStrSulTetSxt,1,1,0,1,0,1,1,1,1,1,1,1,0,0,0,0,0,1,1,1,0,0,1,1
Res13-Fini-PEC05-01,CV,CV-1,finisher,feces,Escherichia coli,No,No,14,AugAmpFazFotFoxPodTazAxoCepChlStrSulTetSxt,1,1,0,1,0,1,1,1,1,1,1,1,0,0,0,0,0,0,1,1,0,0,1,1
Res13-Fini-PEC06-47,CV,CV-1,finisher,feces,Escherichia coli,No,No,14,AugAmpFazFotFoxPodTazAxoCepChlStrSulTetSxt,1,1,0,1,0,1,1,1,1,1,1,1,0,0,0,0,0,1,1,1,0,0,1,1
Res13-Fini-PEC07-05,CV,CV-1,finisher,feces,Escherichia coli,No,No,14,AugAmpFazFotFoxPodTazAxoCepChlStrSulTetSxt,1,1,0,1,0,1,1,1,1,1,1,1,0,0,0,0,0,0,1,1,0,0,1,1
Res13-Croi-PEC01-35,CV,CV-1,grower,feces,Escherichia coli,No,No,15,AugAmpFazFotFoxPodTazAxoCepChlTzpStrSulTetSxt,1,1,0,1,0,1,1,1,1,1,1,1,0,0,0,0,0,1,1,1,0,0,1,1
Res13-Croi-PEC02-03,CV,CV-1,grower,feces,Escherichia coli,No,Yes,14,AugAmpFazFotFoxPodTazAxoCepChlStrSulTetSxt,1,1,0,1,0,1,1,1,1,1,1,1,0,0,0,0,0,0,1,1,1,1,1,1
Res13-Croi-PEC03-01,CV,CV-1,grower,feces,Escherichia coli,No,Yes,14,AugAmpFazFotFoxPodTazAxoCepChlStrSulTetSxt,1,1,0,1,0,1,1,1,1,1,1,1,0,0,0,0,0,1,1,1,1,1,1,1
Res13-Croi-PEC04-35,CV,CV-1,grower,feces,Escherichia coli,No,No,14,AugAmpFazFotFoxPodTazAxoCepChlStrSulTetSxt,1,1,0,1,0,1,1,1,1,1,1,1,0,0,0,0,0,1,1,1,0,0,1,1
Res13-Croi-PEC04-13,CV,CV-1,grower,feces,Escherichia coli,No,No,14,AugAmpFazFotFoxPodTazAxoCepChlStrSulTetSxt,1,1,0,1,0,1,1,1,1,1,1,1,0,0,0,0,0,0,1,1,0,0,1,1
Res13-Croi-PEC05-23,CV,CV-1,grower,feces,Escherichia coli,No,No,14,AugAmpFazFotFoxPodTazAxoCepChlStrSulTetSxt,1,1,0,1,0,1,1,1,1,1,1,1,0,0,0,0,0,1,1,1,0,0,1,1
Res13-Croi-PEC06-22,CV,CV-1,grower,feces,Escherichia coli,No,No,14,AugAmpFazFotFoxPodTazAxoCepChlStrSulTetSxt,1,1,0,1,0,1,1,1,1,1,1,1,0,0,0,0,0,1,1,1,0,0,1,1
Res13-Lact-EC02-01,CV,CV-1,sow,feces,Citrobacter freundii,No,No,10,AugAmpFazFotFoxPodTazAxoCepTet,1,1,0,1,0,1,1,1,1,1,1,0,0,0,0,0,0,1,0,0,0,0,1,0
Res13-Lact-EC05-01,CV,CV-1,sow,feces,Citrobacter freundii,No,No,10,AugAmpFazFotFoxPodTazAxoCepTet,1,1,0,1,0,1,1,1,1,1,1,0,0,0,0,0,0,1,0,0,0,0,1,0
Res13-Lact-EC07-17,CV,CV-1,sow,feces,Escherichia coli,No,No,10,AugAmpFazFotFoxPodTazAxoCepTet,1,1,0,1,0,1,1,1,1,1,1,0,0,0,0,0,0,1,0,0,0,0,1,0
Res13-Lact-PEC05-10,CV,CV-1,suckler,feces,Enterobacter cloacae,No,No,10,AugAmpFazFotFoxPodTazAxoCepTet,1,1,0,1,0,1,1,1,1,1,1,0,0,0,0,0,0,0,0,0,0,0,1,0
Res13-Lact-PEC05-16,CV,CV-1,suckler,feces,Enterobacter cloacae,No,No,10,AugAmpFazFotFoxPodTazAxoCepTet,1,1,0,1,0,1,1,1,1,1,1,0,0,0,0,0,0,0,0,0,0,0,1,0
Res13-Lact-PEC03-03,CV,CV-1,suckler,feces,Citrobacter freundii,No,No,13,AugAmpFazFotFoxPodTazAxoCepStrSulTetSxt,1,1,0,1,0,1,1,1,1,1,1,0,0,0,0,0,0,1,1,1,0,0,1,1
Res13-Lact-PEC07-11,CV,CV-1,suckler,feces,Escherichia coli,No,No,11,AugAmpFazFotFoxPodTazAxoCepStrTet,1,1,0,1,0,1,1,1,1,1,1,0,0,0,0,0,0,0,1,0,0,0,1,0
Res13-Fini-PEC11-01,CV,CV-2,finisher,feces,Escherichia coli,No,No,13,AugAmpFazFotFoxPodTazAxoCepChlTzpTetSxt,1,1,0,1,0,1,1,1,1,1,1,1,0,0,0,0,0,1,1,1,0,0,1,1
Res13-Fini-PEC11-11,CV,CV-2,finisher,feces,Escherichia coli,No,No,12,AugAmpFazFotFoxPodTazAxoCepChlTetSxt,1,1,0,1,0,1,1,1,1,1,1,1,0,0,0,0,0,0,1,1,0,0,1,1
Res13-Fini-PEC11-04-A,CV,CV-2,finisher,feces,Escherichia coli,No,No,12,AugAmpFazFotFoxPodTazAxoCepChlTetSxt,1,1,0,1,0,1,1,1,1,1,1,1,0,0,0,0,0,0,1,1,0,0,1,1
Res13-Fini-PEC12-04,CV,CV-2,finisher,feces,Escherichia coli,No,No,12,AugAmpFazFotFoxPodTazAxoCepChlTetSxt,1,1,0,1,0,1,1,1,1,1,1,1,0,0,0,0,0,0,1,1,0,0,1,1
Res13-Fini-PEC10-29,CV,CV-2,finisher,feces,Escherichia coli,No,No,12,AugAmpFazFotFoxPodTazAxoCepChlTetSxt,1,1,0,1,0,1,1,1,1,1,1,1,0,0,0,0,0,0,1,1,0,0,1,1
Res13-Fini-PEC13-17,CV,CV-2,finisher,feces,Escherichia coli,No,No,12,AugAmpFazFotFoxPodTazAxoCepChlTetSxt,1,1,0,1,0,1,1,1,1,1,1,1,0,0,0,0,0,0,1,1,0,0,1,1
Res13-Fini-PEC10-33,CV,CV-2,finisher,feces,Escherichia coli,No,No,12,AugAmpFazFotFoxPodTazAxoCepChlTetSxt,1,1,0,1,0,1,1,1,1,1,1,1,0,0,0,0,0,1,1,1,0,0,1,1
Res13-Fini-PEC13-11,CV,CV-2,finisher,feces,Escherichia coli,No,No,12,AugAmpFazFotFoxPodTazAxoCepChlTetSxt,1,1,0,1,0,1,1,1,1,1,1,1,0,0,0,0,0,0,1,1,0,0,1,1
Res13-Fini-PEC15-13,CV,CV-2,finisher,feces,Escherichia coli,No,No,12,AugAmpFazFotFoxPodTazAxoCepChlTetSxt,1,1,0,1,0,1,1,1,1,1,1,1,0,0,0,0,0,0,1,1,0,0,1,1
Res13-Fini-PEC12-33,CV,CV-2,finisher,feces,Escherichia coli,No,No,12,AugAmpFazFotFoxPodTazAxoCepChlTetSxt,1,1,0,1,0,1,1,1,1,1,1,1,0,0,0,0,0,1,1,1,0,0,1,1
Res13-Fini-PEC15-05,CV,CV-2,finisher,feces,Escherichia coli,No,No,10,AugAmpFazFotFoxPodTazAxoCepTet,1,1,0,1,0,1,1,1,1,1,1,0,0,0,0,0,0,0,0,0,0,0,1,0
Res13-Fini-PEC10-36,CV,CV-2,finisher,feces,Escherichia coli,No,No,14,AugAmpFazFotFoxPodTazAxoCepChlStrSulTetSxt,1,1,0,1,0,1,1,1,1,1,1,1,0,0,0,0,0,1,1,1,0,0,1,1
Res13-Croi-PEC11-19,CV,CV-2,grower,feces,Escherichia coli,No,Yes,14,AugAmpFazFotFoxPodTazAxoCepChlStrSulTetSxt,1,1,0,1,0,1,1,1,1,1,1,1,0,0,0,0,0,0,1,1,1,1,1,1
Res13-Croi-PEC11-26,CV,CV-2,grower,feces,Escherichia coli,No,No,14,AugAmpFazFotFoxPodTazAxoCepChlStrSulTetSxt,1,1,0,1,0,1,1,1,1,1,1,1,0,0,0,0,0,0,1,1,0,0,1,1
Res13-Croi-PEC11-11,CV,CV-2,grower,feces,Escherichia coli,No,No,14,AugAmpFazFotFoxPodTazAxoCepChlStrSulTetSxt,1,1,0,1,0,1,1,1,1,1,1,1,0,0,0,0,0,0,1,1,0,0,1,1
Res13-Croi-PEC13-11,CV,CV-2,grower,feces,Escherichia coli,No,No,14,AugAmpFazFotFoxPodTazAxoCepChlStrSulTetSxt,1,1,0,1,0,1,1,1,1,1,1,1,0,0,0,0,0,1,1,1,0,0,1,1
Res13-Croi-PEC13-17,CV,CV-2,grower,feces,Escherichia coli,No,No,14,AugAmpFazFotFoxPodTazAxoCepChlStrSulTetSxt,1,1,0,1,0,1,1,1,1,1,1,1,0,0,0,0,0,1,1,1,0,0,1,1
Res13-Croi-PEC15-04,CV,CV-2,grower,feces,Escherichia coli,No,No,14,AugAmpFazFotFoxPodTazAxoCepChlStrSulTetSxt,1,1,0,1,0,1,1,1,1,1,1,1,0,0,0,0,0,0,1,1,0,0,1,1
Res13-Croi-PEC15-20,CV,CV-2,grower,feces,Escherichia coli,No,No,14,AugAmpFazFotFoxPodTazAxoCepChlStrSulTetSxt,1,1,0,1,0,1,1,1,1,1,1,1,0,0,0,0,0,0,1,1,0,0,1,1
Res13-Croi-PEC15-19,CV,CV-2,grower,feces,Escherichia coli,No,No,14,AugAmpFazFotFoxPodTazAxoCepChlStrSulTetSxt,1,1,0,1,0,1,1,1,1,1,1,1,0,0,0,0,0,0,1,1,0,0,1,1
Res13-Lact-EC08-33,CV,CV-2,sow,feces,Escherichia coli,No,No,11,AugAmpFazFotFoxPodTazAxoCepStrTet,1,1,0,1,0,1,1,1,1,1,1,0,0,0,0,0,0,0,1,0,0,0,1,0
Res13-Lact-EC09-12,CV,CV-2,sow,feces,Escherichia coli,No,No,15,AugAmpFazFotFoxPodTazAxoCepChlTzpStrSulTetSxt,1,1,0,1,0,1,1,1,1,1,1,1,0,0,0,0,0,1,1,1,0,0,1,1
Res13-Lact-EC10-12,CV,CV-2,sow,feces,Escherichia coli,No,No,13,AugAmpFazFotFoxPodTazAxoCepStrSulTetSxt,1,1,0,1,0,1,1,1,1,1,1,0,0,0,0,0,0,0,1,1,0,0,1,1
Res13-Lact-EC11-13,CV,CV-2,sow,feces,Escherichia coli,No,No,13,AugAmpFazFotFoxPodTazAxoCepStrSulTetSxt,1,1,0,1,0,1,1,1,1,1,1,0,0,0,0,0,0,1,1,1,0,0,1,1
Res13-Lact-EC12-13,CV,CV-2,sow,feces,Escherichia coli,No,No,12,AugAmpFazFotFoxPodTazAxoCepStrSulTet,1,1,0,1,0,1,1,1,1,1,1,0,0,0,0,0,0,0,1,1,0,0,1,0
Res13-Lact-EC13-32,CV,CV-2,sow,feces,Escherichia coli,No,No,13,AugAmpFazFotFoxPodTazAxoCepStrSulTetSxt,1,1,0,1,0,1,1,1,1,1,1,0,0,0,0,0,0,1,1,1,0,0,1,1
Res13-Lact-PEC08-09,CV,CV-2,suckler,feces,Escherichia coli,No,No,13,AugAmpFazFotFoxPodTazAxoCepChlSulTetSxt,1,1,0,1,0,1,1,1,1,1,1,1,0,0,0,0,0,1,0,1,0,0,1,1
Res13-Lact-PEC08-04,CV,CV-2,suckler,feces,Escherichia coli,No,No,13,AugAmpFazFotFoxPodTazAxoCepChlStrSulTet,1,1,0,1,0,1,1,1,1,1,1,1,0,0,0,0,0,0,1,1,0,0,1,0
Res13-Lact-PEC10-02,CV,CV-2,suckler,feces,Escherichia coli,No,No,13,AugAmpFazFotFoxPodTazAxoCepStrSulTetSxt,1,1,0,1,0,1,1,1,1,1,1,0,0,0,0,0,0,1,1,1,0,0,1,1
Res13-Lact-PEC11-32,CV,CV-2,suckler,feces,Escherichia coli,No,No,14,AugAmpFazFotFoxPodTazAxoCepTzpStrSulTetSxt,1,1,0,1,0,1,1,1,1,1,1,0,0,0,0,0,0,1,1,1,0,0,1,1
Res13-Lact-PEC12-28,CV,CV-2,suckler,feces,Escherichia coli,No,No,11,AugAmpFazFotFoxPodTazAxoCepChlTet,1,1,0,1,0,1,1,1,1,1,1,1,0,0,0,0,0,1,0,0,0,0,1,0
Res13-Lact-PEC12-21,CV,CV-2,suckler,feces,Escherichia coli,No,No,12,AugAmpFazFotFoxPodTazAxoCepChlStrTet,1,1,0,1,0,1,1,1,1,1,1,1,0,0,0,0,0,0,1,0,0,0,1,0
Res13-Lact-PEC13-07,CV,CV-2,suckler,feces,Escherichia coli,No,No,11,AmpFazFotFoxPodTazAxoCepChlSulTet,1,1,0,1,0,1,1,1,1,1,1,1,0,0,0,0,0,0,0,1,0,0,1,0
Res13-Sevr-PEC09-47,CV,CV-2,weaner,feces,Enterobacter cloacae,No,No,11,AugAmpFazFotFoxPodTazAxoCepTzpTet,1,1,0,1,0,1,1,1,1,1,1,0,0,0,0,0,0,1,0,0,0,0,1,0
Res13-Sevr-PEC09-36,CV,CV-2,weaner,feces,Enterobacter cloacae,No,No,11,AugAmpFazFotFoxPodTazAxoCepTzpTet,1,1,0,1,0,1,1,1,1,1,1,0,0,0,0,0,0,1,0,0,0,0,1,0
Res13-Fini-AlimEC1-01,CV,CV-1,finisher,feed,Stenotrophomonas maltophilia,No,No,6,AugFazCepGenImpStr,1,0,0,1,0,0,0,0,0,0,1,0,0,1,1,0,0,0,1,0,0,0,0,0
Res13-Fini-AlimEC1-12,CV,CV-1,finisher,feed,Salmonella enterica arizonae,No,No,6,AugAmpFazPodTazCep,1,1,0,1,0,1,0,1,1,1,1,0,0,0,0,0,0,0,0,0,0,0,0,0
Res13-Fini-AlimEC2-02,CV,CV-2,finisher,feed,Escherichia coli,No,No,10,AugAmpFazFotFoxPodTazAxoCepTet,1,1,0,1,0,1,1,1,1,1,1,0,0,0,0,0,0,0,0,0,0,0,1,0
Res13-Sevr-AlimEC2-20,CV,CV-2,weaner,feed,Pseudomonas fluorescens/putida,No,No,5,AugFazTazCepChl,1,0,0,1,0,1,0,0,1,1,1,1,0,0,0,0,0,0,0,0,0,0,0,0
Res13-Sevr-AlimEC2-17,CV,CV-2,weaner,feed,Pseudomonas luteola,No,No,8,AugFazCepChlNalStrSulSxt,1,0,0,1,0,1,0,0,1,1,1,1,0,0,0,0,1,0,1,1,0,0,0,1
